{
	"credit": "Made with Blockbench",
	"texture_size": [32, 32],
	"textures": {
		"0": "item/bloodaxe",
		"particle": "item/bloodaxe"
	},
	"elements": [
		{
			"from": [7, -14, 7],
			"to": [9, 12, 8],
			"faces": {
				"north": {"uv": [6, 0, 7.5, 8], "texture": "#0"},
				"east": {"uv": [6, 0, 6.5, 8], "texture": "#0"},
				"south": {"uv": [7.5, 0, 6, 8], "texture": "#0"},
				"west": {"uv": [7.5, 0, 7, 8], "texture": "#0"},
				"up": {"uv": [10, 6, 8.5, 5.5], "texture": "#0"},
				"down": {"uv": [10, 6, 8.5, 6.5], "texture": "#0"}
			}
		},
		{
			"from": [6.9, -14.1, 6.9],
			"to": [9.1, 12, 8.1],
			"faces": {
				"north": {"uv": [7.5, 0, 9, 10.5], "texture": "#0"},
				"east": {"uv": [9, 0, 8.5, 10.5], "texture": "#0"},
				"south": {"uv": [9, 0, 7.5, 10.5], "texture": "#0"},
				"west": {"uv": [7.5, 0, 8, 10.5], "texture": "#0"},
				"up": {"uv": [10, 6, 8.5, 5.5], "texture": "#0"},
				"down": {"uv": [10.5, 6, 9, 6.5], "texture": "#0"}
			}
		},
		{
			"from": [7, 11.4, 7.5],
			"to": [9, 18.4, 7.5],
			"rotation": {"angle": 0, "axis": "y", "origin": [7.5, 0, 13]},
			"faces": {
				"north": {"uv": [1.5, 1.5, 0, 5], "texture": "#0"},
				"east": {"uv": [0, 0, 0, 3.5], "texture": "#0"},
				"south": {"uv": [0, 1.5, 1.5, 5], "texture": "#0"},
				"west": {"uv": [0, 0, 0, 3.5], "texture": "#0"},
				"up": {"uv": [0, 1, 0, 0], "rotation": 270, "texture": "#0"},
				"down": {"uv": [0, 0, 0, 1], "rotation": 90, "texture": "#0"}
			}
		},
		{
			"from": [7.6, 12, 7.3],
			"to": [8.4, 17, 7.7],
			"rotation": {"angle": 0, "axis": "y", "origin": [7.5, 0, 13]},
			"faces": {
				"north": {"uv": [10.5, 4.5, 11, 7], "texture": "#0"},
				"east": {"uv": [10.5, 4.5, 11, 7], "texture": "#0"},
				"south": {"uv": [10.5, 4.5, 11, 7], "texture": "#0"},
				"west": {"uv": [10.5, 4.5, 11, 7], "texture": "#0"},
				"up": {"uv": [6.5, 13, 6, 12.5], "rotation": 270, "texture": "#0"},
				"down": {"uv": [12.5, 6, 12, 6.5], "rotation": 90, "texture": "#0"}
			}
		},
		{
			"from": [-1, 4, 7.5],
			"to": [8, 19, 7.5],
			"faces": {
				"north": {"uv": [0, 8, 6, 16], "rotation": 180, "texture": "#0"},
				"east": {"uv": [0, 0, 0, 4.5], "texture": "#0"},
				"south": {"uv": [0, 16, 6, 8], "texture": "#0"},
				"west": {"uv": [0, 0, 0, 4.5], "texture": "#0"},
				"up": {"uv": [6, 0, 0, 0], "texture": "#0"},
				"down": {"uv": [6, 0, 0, 0], "texture": "#0"}
			}
		},
		{
			"from": [8, 4, 7.5],
			"to": [17, 19, 7.5],
			"faces": {
				"north": {"uv": [0, 16, 6, 8], "texture": "#0"},
				"east": {"uv": [0, 0, 0, 4.5], "texture": "#0"},
				"south": {"uv": [6, 16, 0, 8], "texture": "#0"},
				"west": {"uv": [0, 0, 0, 4.5], "texture": "#0"},
				"up": {"uv": [6, 0, 0, 0], "texture": "#0"},
				"down": {"uv": [6, 0, 0, 0], "texture": "#0"}
			}
		},
		{
			"from": [6.8, 8, 6.8],
			"to": [9.2, 12.1, 8.2],
			"faces": {
				"north": {"uv": [6, 0, 4.5, 2], "texture": "#0"},
				"east": {"uv": [5.5, 0, 6, 2], "texture": "#0"},
				"south": {"uv": [6, 0, 4.5, 2], "texture": "#0"},
				"west": {"uv": [4.5, 0, 5, 2], "texture": "#0"},
				"up": {"uv": [4.5, 0.5, 6, 0], "texture": "#0"},
				"down": {"uv": [4.5, 1.5, 6, 2], "texture": "#0"}
			}
		},
		{
			"from": [8, 5, 7.7],
			"to": [18, 20, 7.7],
			"faces": {
				"north": {"uv": [9.5, 16, 16, 7], "texture": "#0"},
				"east": {"uv": [0, 0, 0, 4.5], "texture": "#0"},
				"south": {"uv": [16, 16, 9.5, 7], "texture": "#0"},
				"west": {"uv": [0, 0, 0, 4.5], "texture": "#0"},
				"up": {"uv": [6, 0, 0, 0], "texture": "#0"},
				"down": {"uv": [6, 0, 0, 0], "texture": "#0"}
			}
		},
		{
			"from": [-2, 5, 7.7],
			"to": [8, 20, 7.7],
			"faces": {
				"north": {"uv": [9.5, 7, 16, 16], "rotation": 180, "texture": "#0"},
				"east": {"uv": [0, 0, 0, 4.5], "texture": "#0"},
				"south": {"uv": [9.5, 16, 16, 7], "texture": "#0"},
				"west": {"uv": [0, 0, 0, 4.5], "texture": "#0"},
				"up": {"uv": [6, 0, 0, 0], "texture": "#0"},
				"down": {"uv": [6, 0, 0, 0], "texture": "#0"}
			}
		},
		{
			"from": [-2, 5, 7.3],
			"to": [8, 20, 7.3],
			"faces": {
				"north": {"uv": [9.5, 7, 16, 16], "rotation": 180, "texture": "#0"},
				"east": {"uv": [0, 0, 0, 4.5], "texture": "#0"},
				"south": {"uv": [9.5, 16, 16, 7], "texture": "#0"},
				"west": {"uv": [0, 0, 0, 4.5], "texture": "#0"},
				"up": {"uv": [6, 0, 0, 0], "texture": "#0"},
				"down": {"uv": [6, 0, 0, 0], "texture": "#0"}
			}
		},
		{
			"from": [8, 5, 7.3],
			"to": [18, 20, 7.3],
			"faces": {
				"north": {"uv": [9.5, 16, 16, 7], "texture": "#0"},
				"east": {"uv": [0, 0, 0, 4.5], "texture": "#0"},
				"south": {"uv": [16, 16, 9.5, 7], "texture": "#0"},
				"west": {"uv": [0, 0, 0, 4.5], "texture": "#0"},
				"up": {"uv": [6, 0, 0, 0], "texture": "#0"},
				"down": {"uv": [6, 0, 0, 0], "texture": "#0"}
			}
		},
		{
			"from": [7.4, 11.9, 6.7],
			"to": [8.6, 13.1, 8.3],
			"rotation": {"angle": -45, "axis": "z", "origin": [8, 12.5, 7]},
			"faces": {
				"north": {"uv": [0, 0, 1, 1], "texture": "#0"},
				"east": {"uv": [0, 0, 0.5, 1], "texture": "#0"},
				"south": {"uv": [1, 0, 0, 1], "texture": "#0"},
				"west": {"uv": [0.5, 0, 1, 1], "texture": "#0"},
				"up": {"uv": [1, 0.5, 0, 0], "texture": "#0"},
				"down": {"uv": [1, 0.5, 0, 1], "texture": "#0"}
			}
		}
	],
	"display": {
		"thirdperson_righthand": {
			"rotation": [-53.19, 86.87, 54.45],
			"translation": [0, 7, -0.25]
		},
		"thirdperson_lefthand": {
			"rotation": [66.26, -4.88, -54.95],
			"translation": [1.25, -6.25, 8.5]
		},
		"firstperson_righthand": {
			"rotation": [167.5, -83, -180],
			"translation": [0, 5.25, 0],
			"scale": [0.58594, 0.90625, 0.76953]
		},
		"firstperson_lefthand": {
			"translation": [32.5, 0, 0]
		},
		"ground": {
			"rotation": [-78.25, 0, 0]
		},
		"gui": {
			"rotation": [0, 0, 45.25],
			"translation": [-2, 2, 0],
			"scale": [0.58008, 0.65039, 1]
		},
		"fixed": {
			"rotation": [0, 0, 50.75],
			"translation": [0, 1.75, 0]
		}
	}
}