{
	"credit": "By NotFoxyPie",
	"texture_size": [64, 64],
	"textures": {
		"3": "./knightaxe",
		"4": "./teleportation"
	},
	"elements": [
		{
			"from": [7, 10, 7],
			"to": [9, 26, 9],
			"rotation": {"angle": 0, "axis": "y", "origin": [0, -11, 0]},
			"faces": {
				"north": {"uv": [3.5, 2.5, 3, 6.5], "texture": "#3"},
				"east": {"uv": [4, 2.5, 3.5, 6.5], "texture": "#3"},
				"south": {"uv": [3.5, 2.5, 3, 6.5], "texture": "#3"},
				"west": {"uv": [4, 2.5, 3.5, 6.5], "texture": "#3"},
				"up": {"uv": [7.5, 6.5, 7, 6], "texture": "#3"},
				"down": {"uv": [7.5, 6.5, 7, 7], "texture": "#3"}
			}
		},
		{
			"from": [7, -7.3, 7],
			"to": [9, 3.2, 9],
			"rotation": {"angle": 0, "axis": "y", "origin": [0, -32.3, 0]},
			"faces": {
				"north": {"uv": [5, 4, 4.5, 6.625], "texture": "#3"},
				"east": {"uv": [5, 4, 4.5, 6.625], "texture": "#3"},
				"south": {"uv": [4.5, 4, 5, 6.625], "texture": "#3"},
				"west": {"uv": [4.5, 4, 5, 6.625], "texture": "#3"},
				"up": {"uv": [1.75, 8, 1.25, 7.5], "texture": "#3"},
				"down": {"uv": [8, 1.5, 7.5, 2], "texture": "#3"}
			}
		},
		{
			"from": [7, -8.8, 7],
			"to": [9, -7.3, 9],
			"rotation": {"angle": 0, "axis": "y", "origin": [8, -7.55, 8]},
			"faces": {
				"north": {"uv": [1.75, 7.5, 2.25, 7.875], "texture": "#3"},
				"east": {"uv": [2.25, 7.5, 2.75, 7.875], "texture": "#3"},
				"south": {"uv": [7.5, 3, 8, 3.375], "texture": "#3"},
				"west": {"uv": [7.5, 3.5, 8, 3.875], "texture": "#3"},
				"up": {"uv": [8, 4.5, 7.5, 4], "texture": "#3"},
				"down": {"uv": [8, 4.5, 7.5, 5], "texture": "#3"}
			}
		},
		{
			"from": [6.9, -7.9, 6.9],
			"to": [9.1, -6.2, 9.1],
			"rotation": {"angle": 0, "axis": "y", "origin": [8, -7.55, 8]},
			"faces": {
				"north": {"uv": [8.5, 3.125, 9, 3.5], "texture": "#3"},
				"east": {"uv": [8.5, 3.125, 9, 3.5], "texture": "#3"},
				"south": {"uv": [8.5, 3.125, 9, 3.5], "texture": "#3"},
				"west": {"uv": [8.5, 3.125, 9, 3.5], "texture": "#3"},
				"up": {"uv": [9, 5, 8.5, 4.5], "texture": "#3"},
				"down": {"uv": [9, 4.5, 8.5, 5], "texture": "#3"}
			}
		},
		{
			"from": [6.9, 3, 6.9],
			"to": [9.1, 10.2, 9.1],
			"rotation": {"angle": 0, "axis": "y", "origin": [0, -26.9, 0]},
			"faces": {
				"north": {"uv": [6, 3.75, 5.5, 5.5], "texture": "#3"},
				"east": {"uv": [6, 3.75, 5.5, 5.5], "texture": "#3"},
				"south": {"uv": [6, 3.75, 5.5, 5.5], "texture": "#3"},
				"west": {"uv": [6, 3.75, 5.5, 5.5], "texture": "#3"},
				"up": {"uv": [8, 1, 7.5, 0.5], "texture": "#3"},
				"down": {"uv": [8, 0.5, 7.5, 1], "texture": "#3"}
			}
		},
		{
			"from": [7.4, 26, 7.4],
			"to": [8.6, 28.2, 8.6],
			"rotation": {"angle": 45, "axis": "y", "origin": [8, 25.6, 8]},
			"faces": {
				"north": {"uv": [7, 3.75, 7.375, 4.5], "texture": "#3"},
				"east": {"uv": [7, 3.75, 7.375, 4.5], "texture": "#3"},
				"south": {"uv": [7, 3.75, 7.375, 4.5], "texture": "#3"},
				"west": {"uv": [7, 3.75, 7.375, 4.5], "texture": "#3"},
				"up": {"uv": [3.75, 7.75, 3.25, 7.25], "texture": "#3"},
				"down": {"uv": [7, 7.25, 6.5, 7.75], "texture": "#3"}
			}
		},
		{
			"from": [7, 28.1, 7],
			"to": [9, 29.1, 9],
			"rotation": {"angle": 0, "axis": "y", "origin": [8, 28.6, 8]},
			"faces": {
				"north": {"uv": [8, 8, 8.5, 8.25], "texture": "#3"},
				"east": {"uv": [8, 8, 8.5, 8.25], "texture": "#3"},
				"south": {"uv": [8, 8, 8.5, 8.25], "texture": "#3"},
				"west": {"uv": [8, 8, 8.5, 8.25], "texture": "#3"},
				"up": {"uv": [7.75, 7.5, 7.25, 7], "texture": "#3"},
				"down": {"uv": [8, 0, 7.5, 0.5], "texture": "#3"}
			}
		},
		{
			"from": [7.5, 29.1, 7.5],
			"to": [8.5, 31.1, 8.5],
			"rotation": {"angle": 45, "axis": "y", "origin": [8, 30.1, 8]},
			"faces": {
				"north": {"uv": [0.25, 8.25, 0.5, 8.75], "texture": "#3"},
				"east": {"uv": [0.25, 8.25, 0.5, 8.75], "texture": "#3"},
				"south": {"uv": [0.25, 8.25, 0.5, 8.75], "texture": "#3"},
				"west": {"uv": [0.25, 8.25, 0.5, 8.75], "texture": "#3"},
				"up": {"uv": [8.25, 8.5, 8, 8.25], "texture": "#3"},
				"down": {"uv": [8.5, 8.25, 8.25, 8.5], "texture": "#3"}
			}
		},
		{
			"from": [6.8, 17.3, 6.3],
			"to": [9.2, 24.7, 9.7],
			"rotation": {"angle": 0, "axis": "y", "origin": [0, -10.5, -0.5]},
			"faces": {
				"north": {"uv": [5, 2, 5.5, 3.75], "texture": "#3"},
				"east": {"uv": [2, 5.25, 2.75, 7], "texture": "#3"},
				"south": {"uv": [5, 2, 5.5, 3.75], "texture": "#3"},
				"west": {"uv": [2, 5.25, 2.75, 7], "texture": "#3"},
				"up": {"uv": [3.75, 7.25, 3.25, 6.5], "texture": "#3"},
				"down": {"uv": [7, 3.5, 6.5, 4.25], "texture": "#3"}
			}
		},
		{
			"from": [7.5, 18, 5],
			"to": [8.5, 24, 11],
			"rotation": {"angle": 0, "axis": "y", "origin": [0.5, -10, 0]},
			"faces": {
				"north": {"uv": [6.5, 2, 6.75, 3.5], "texture": "#3"},
				"east": {"uv": [0, 1.5, 1.5, 3], "texture": "#3"},
				"south": {"uv": [3, 6.5, 3.25, 8], "texture": "#3"},
				"west": {"uv": [0, 1.5, 1.5, 3], "texture": "#3"},
				"up": {"uv": [6, 2, 5.75, 0], "texture": "#3"},
				"down": {"uv": [6.25, 2.5, 6, 4.5], "texture": "#3"}
			}
		},
		{
			"name": "cube_outline",
			"from": [8.682, 28.382, 8.682],
			"to": [7.318, 26.018, 7.318],
			"rotation": {"angle": 45, "axis": "y", "origin": [8, 25.7, 8]},
			"faces": {
				"north": {"uv": [8.5, 3.75, 8.875, 4.5], "rotation": 180, "texture": "#3"},
				"east": {"uv": [8.5, 3.75, 8.875, 4.5], "rotation": 180, "texture": "#3"},
				"south": {"uv": [8.5, 3.75, 8.875, 4.5], "rotation": 180, "texture": "#3"},
				"west": {"uv": [8.5, 3.75, 8.875, 4.5], "rotation": 180, "texture": "#3"},
				"up": {"uv": [9.375, 4.5, 9.875, 4], "rotation": 270, "texture": "#3"},
				"down": {"uv": [9.375, 4.5, 8.875, 4], "rotation": 180, "texture": "#3"}
			}
		},
		{
			"from": [6.728, 13.918, 6.998],
			"to": [6.732, 16.422, 9.002],
			"rotation": {"angle": 0, "axis": "y", "origin": [6.82177, 16.02384, 8]},
			"faces": {
				"north": {"uv": [0.875, 0.375, 0.875, 0.375], "texture": "#3"},
				"east": {"uv": [0, 0.25, 0.5, 0.875], "texture": "#3"},
				"south": {"uv": [0.75, 0.375, 0.75, 0.375], "texture": "#3"},
				"west": {"uv": [0, 0.25, 0.5, 0.875], "texture": "#3"},
				"up": {"uv": [0.75, 0.125, 0.75, 0.125], "texture": "#3"},
				"down": {"uv": [0.75, 0.25, 0.75, 0.25], "texture": "#3"}
			}
		},
		{
			"from": [6.57781, 16.34581, 6.998],
			"to": [6.58181, 17.34981, 9.002],
			"rotation": {"angle": -22.5, "axis": "z", "origin": [6.82177, 16.02384, 8]},
			"faces": {
				"north": {"uv": [0, 0.75, 0, 0.75], "texture": "#3"},
				"east": {"uv": [0, 0, 0.5, 0.25], "texture": "#3"},
				"south": {"uv": [0, 0.875, 0, 0.875], "texture": "#3"},
				"west": {"uv": [0, 0, 0.5, 0.25], "texture": "#3"},
				"up": {"uv": [0, 0.75, 0, 0.75], "texture": "#3"},
				"down": {"uv": [0, 0.75, 0, 0.75], "texture": "#3"}
			}
		},
		{
			"from": [9.26155, 13.918, 6.998],
			"to": [9.26555, 16.422, 9.002],
			"rotation": {"angle": 0, "axis": "y", "origin": [9.17177, 16.02384, 8]},
			"faces": {
				"north": {"uv": [0.625, 0.375, 0.625, 0.375], "texture": "#3"},
				"east": {"uv": [0, 0.25, 0.5, 0.875], "texture": "#3"},
				"south": {"uv": [0.75, 0.375, 0.75, 0.375], "texture": "#3"},
				"west": {"uv": [0, 0.25, 0.5, 0.875], "texture": "#3"},
				"up": {"uv": [0.625, 0.25, 0.625, 0.25], "rotation": 180, "texture": "#3"},
				"down": {"uv": [0.75, 0.5, 0.75, 0.5], "rotation": 180, "texture": "#3"}
			}
		},
		{
			"from": [9.41174, 16.34581, 6.998],
			"to": [9.41574, 17.34981, 9.002],
			"rotation": {"angle": 22.5, "axis": "z", "origin": [9.17177, 16.02384, 8]},
			"faces": {
				"north": {"uv": [0, 0.75, 0, 0.75], "texture": "#3"},
				"east": {"uv": [0, 0, 0.5, 0.25], "texture": "#3"},
				"south": {"uv": [0, 0.75, 0, 0.75], "texture": "#3"},
				"west": {"uv": [0, 0, 0.5, 0.25], "texture": "#3"},
				"up": {"uv": [0, 0.75, 0, 0.75], "rotation": 180, "texture": "#3"},
				"down": {"uv": [0, 0.75, 0, 0.75], "rotation": 180, "texture": "#3"}
			}
		},
		{
			"from": [7.5, 16, 0],
			"to": [8.5, 26, 4],
			"rotation": {"angle": 0, "axis": "y", "origin": [8, 21, 1]},
			"faces": {
				"north": {"uv": [2.75, 5, 3, 7.5], "texture": "#3"},
				"east": {"uv": [3, 2.5, 2, 5], "texture": "#3"},
				"south": {"uv": [5.5, 5.5, 5.75, 8], "texture": "#3"},
				"west": {"uv": [2, 2.5, 3, 5], "texture": "#3"},
				"up": {"uv": [7.25, 8, 7, 7], "texture": "#3"},
				"down": {"uv": [0.25, 7.25, 0, 8.25], "texture": "#3"}
			}
		},
		{
			"from": [7.5, 18, -1],
			"to": [8.5, 24, 0],
			"rotation": {"angle": 0, "axis": "y", "origin": [8, 21, -3]},
			"faces": {
				"north": {"uv": [3.75, 6.5, 4, 8], "texture": "#3"},
				"east": {"uv": [6.25, 6.5, 6, 8], "texture": "#3"},
				"south": {"uv": [6.5, 5.75, 6.75, 7.25], "texture": "#3"},
				"west": {"uv": [6, 6.5, 6.25, 8], "texture": "#3"},
				"up": {"uv": [0.75, 8.5, 0.5, 8.25], "texture": "#3"},
				"down": {"uv": [8.5, 0.5, 8.25, 0.75], "texture": "#3"}
			}
		},
		{
			"from": [7.5, 14, 1],
			"to": [8.5, 16, 4],
			"rotation": {"angle": 0, "axis": "y", "origin": [8, 16, 1]},
			"faces": {
				"north": {"uv": [8, 4.5, 8.25, 5], "texture": "#3"},
				"east": {"uv": [7.5, 0.5, 6.75, 1], "texture": "#3"},
				"south": {"uv": [5, 8, 5.25, 8.5], "texture": "#3"},
				"west": {"uv": [6.75, 0.5, 7.5, 1], "texture": "#3"},
				"up": {"uv": [1, 8, 0.75, 7.25], "texture": "#3"},
				"down": {"uv": [3, 7.5, 2.75, 8.25], "texture": "#3"}
			}
		},
		{
			"from": [7.5, 12, 3],
			"to": [8.5, 13, 6],
			"rotation": {"angle": 0, "axis": "y", "origin": [8, 15, 2]},
			"faces": {
				"north": {"uv": [8.25, 1, 8.5, 1.25], "texture": "#3"},
				"east": {"uv": [8.25, 5.25, 7.5, 5.5], "texture": "#3"},
				"south": {"uv": [1.25, 8.25, 1.5, 8.5], "texture": "#3"},
				"west": {"uv": [7.5, 5.25, 8.25, 5.5], "texture": "#3"},
				"up": {"uv": [7.75, 6.25, 7.5, 5.5], "texture": "#3"},
				"down": {"uv": [7.75, 6.25, 7.5, 7], "texture": "#3"}
			}
		},
		{
			"from": [7.5, 13, 2],
			"to": [8.5, 14, 5],
			"rotation": {"angle": 0, "axis": "y", "origin": [8, 16, 1]},
			"faces": {
				"north": {"uv": [8.25, 1.25, 8.5, 1.5], "texture": "#3"},
				"east": {"uv": [8.5, 2, 7.75, 2.25], "texture": "#3"},
				"south": {"uv": [1.5, 8.25, 1.75, 8.5], "texture": "#3"},
				"west": {"uv": [7.75, 2, 8.5, 2.25], "texture": "#3"},
				"up": {"uv": [8, 3, 7.75, 2.25], "texture": "#3"},
				"down": {"uv": [3.5, 7.75, 3.25, 8.5], "texture": "#3"}
			}
		},
		{
			"from": [7.5, 28, 2],
			"to": [8.5, 29, 5],
			"rotation": {"angle": 0, "axis": "y", "origin": [8, 28.25, 3.5]},
			"faces": {
				"north": {"uv": [2.75, 8.25, 3, 8.5], "texture": "#3"},
				"east": {"uv": [8.5, 5.75, 7.75, 6], "texture": "#3"},
				"south": {"uv": [8.25, 2.75, 8.5, 3], "texture": "#3"},
				"west": {"uv": [7.75, 5.75, 8.5, 6], "texture": "#3"},
				"up": {"uv": [3.75, 8.5, 3.5, 7.75], "texture": "#3"},
				"down": {"uv": [8, 6, 7.75, 6.75], "texture": "#3"}
			}
		},
		{
			"from": [7.5, 29, 3],
			"to": [8.5, 30, 6],
			"rotation": {"angle": 0, "axis": "y", "origin": [8, 28.25, 3.5]},
			"faces": {
				"north": {"uv": [8.25, 3, 8.5, 3.25], "texture": "#3"},
				"east": {"uv": [8.5, 7, 7.75, 7.25], "texture": "#3"},
				"south": {"uv": [8.25, 3.25, 8.5, 3.5], "texture": "#3"},
				"west": {"uv": [7.75, 7, 8.5, 7.25], "texture": "#3"},
				"up": {"uv": [6.75, 8.5, 6.5, 7.75], "texture": "#3"},
				"down": {"uv": [7, 7.75, 6.75, 8.5], "texture": "#3"}
			}
		},
		{
			"from": [7.5, 26, 1],
			"to": [8.5, 28, 4],
			"rotation": {"angle": 0, "axis": "y", "origin": [8, 28.25, 3.5]},
			"faces": {
				"north": {"uv": [5.25, 8, 5.5, 8.5], "texture": "#3"},
				"east": {"uv": [7.5, 1.5, 6.75, 2], "texture": "#3"},
				"south": {"uv": [5.5, 8, 5.75, 8.5], "texture": "#3"},
				"west": {"uv": [6.75, 1.5, 7.5, 2], "texture": "#3"},
				"up": {"uv": [7.5, 8.5, 7.25, 7.75], "texture": "#3"},
				"down": {"uv": [7.75, 7.75, 7.5, 8.5], "texture": "#3"}
			}
		},
		{
			"from": [7.5, 17, 4],
			"to": [8.5, 25, 5],
			"rotation": {"angle": 0, "axis": "y", "origin": [8, 21, 2]},
			"faces": {
				"north": {"uv": [6, 4.5, 6.25, 6.5], "texture": "#3"},
				"east": {"uv": [6.5, 0, 6.25, 2], "texture": "#3"},
				"south": {"uv": [5.25, 6, 5.5, 8], "texture": "#3"},
				"west": {"uv": [6.25, 0, 6.5, 2], "texture": "#3"},
				"up": {"uv": [8.5, 1.75, 8.25, 1.5], "texture": "#3"},
				"down": {"uv": [2, 8.25, 1.75, 8.5], "texture": "#3"}
			}
		},
		{
			"from": [7.5, 16, 12],
			"to": [8.5, 26, 16],
			"rotation": {"angle": 0, "axis": "y", "origin": [8, 21, 14]},
			"faces": {
				"north": {"uv": [5.75, 5.5, 6, 8], "texture": "#3"},
				"east": {"uv": [2, 2.5, 3, 5], "texture": "#3"},
				"south": {"uv": [6, 0, 6.25, 2.5], "texture": "#3"},
				"west": {"uv": [3, 2.5, 2, 5], "texture": "#3"},
				"up": {"uv": [0.5, 8.25, 0.25, 7.25], "texture": "#3"},
				"down": {"uv": [0.75, 7.25, 0.5, 8.25], "texture": "#3"}
			}
		},
		{
			"from": [7.5, 18, 16],
			"to": [8.5, 24, 17],
			"rotation": {"angle": 0, "axis": "y", "origin": [8, 21, 14]},
			"faces": {
				"north": {"uv": [6.75, 2, 7, 3.5], "texture": "#3"},
				"east": {"uv": [6, 6.5, 6.25, 8], "texture": "#3"},
				"south": {"uv": [6.75, 5.75, 7, 7.25], "texture": "#3"},
				"west": {"uv": [6.25, 6.5, 6, 8], "texture": "#3"},
				"up": {"uv": [4, 8.5, 3.75, 8.25], "texture": "#3"},
				"down": {"uv": [8.5, 3.75, 8.25, 4], "texture": "#3"}
			}
		},
		{
			"from": [7.5, 14, 12],
			"to": [8.5, 16, 15],
			"rotation": {"angle": 0, "axis": "y", "origin": [8, 21, 14]},
			"faces": {
				"north": {"uv": [5.75, 8, 6, 8.5], "texture": "#3"},
				"east": {"uv": [6.75, 0.5, 7.5, 1], "texture": "#3"},
				"south": {"uv": [6, 8, 6.25, 8.5], "texture": "#3"},
				"west": {"uv": [7.5, 0.5, 6.75, 1], "texture": "#3"},
				"up": {"uv": [8, 8.5, 7.75, 7.75], "texture": "#3"},
				"down": {"uv": [8.25, 0, 8, 0.75], "texture": "#3"}
			}
		},
		{
			"from": [7.5, 12, 10],
			"to": [8.5, 13, 13],
			"rotation": {"angle": 0, "axis": "y", "origin": [8, 21, 14]},
			"faces": {
				"north": {"uv": [4, 8.25, 4.25, 8.5], "texture": "#3"},
				"east": {"uv": [7.5, 5.25, 8.25, 5.5], "texture": "#3"},
				"south": {"uv": [8.25, 4, 8.5, 4.25], "texture": "#3"},
				"west": {"uv": [8.25, 5.25, 7.5, 5.5], "texture": "#3"},
				"up": {"uv": [1, 8.75, 0.75, 8], "texture": "#3"},
				"down": {"uv": [8.25, 1, 8, 1.75], "texture": "#3"}
			}
		},
		{
			"from": [7.5, 13, 11],
			"to": [8.5, 14, 14],
			"rotation": {"angle": 0, "axis": "y", "origin": [8, 21, 14]},
			"faces": {
				"north": {"uv": [4.25, 8.25, 4.5, 8.5], "texture": "#3"},
				"east": {"uv": [7.75, 2, 8.5, 2.25], "texture": "#3"},
				"south": {"uv": [8.25, 4.25, 8.5, 4.5], "texture": "#3"},
				"west": {"uv": [8.5, 2, 7.75, 2.25], "texture": "#3"},
				"up": {"uv": [2.25, 8.75, 2, 8], "texture": "#3"},
				"down": {"uv": [2.5, 8, 2.25, 8.75], "texture": "#3"}
			}
		},
		{
			"from": [7.5, 28, 11],
			"to": [8.5, 29, 14],
			"rotation": {"angle": 0, "axis": "y", "origin": [8, 21, 14]},
			"faces": {
				"north": {"uv": [8.25, 4.5, 8.5, 4.75], "texture": "#3"},
				"east": {"uv": [7.75, 5.75, 8.5, 6], "texture": "#3"},
				"south": {"uv": [8.25, 4.75, 8.5, 5], "texture": "#3"},
				"west": {"uv": [8.5, 5.75, 7.75, 6], "texture": "#3"},
				"up": {"uv": [2.75, 8.75, 2.5, 8], "texture": "#3"},
				"down": {"uv": [8.25, 2.75, 8, 3.5], "texture": "#3"}
			}
		},
		{
			"from": [7.5, 29, 10],
			"to": [8.5, 30, 13],
			"rotation": {"angle": 0, "axis": "y", "origin": [8, 21, 14]},
			"faces": {
				"north": {"uv": [8.25, 5, 8.5, 5.25], "texture": "#3"},
				"east": {"uv": [7.75, 7, 8.5, 7.25], "texture": "#3"},
				"south": {"uv": [8.25, 5.25, 8.5, 5.5], "texture": "#3"},
				"west": {"uv": [8.5, 7, 7.75, 7.25], "texture": "#3"},
				"up": {"uv": [3.25, 8.75, 3, 8], "texture": "#3"},
				"down": {"uv": [8.25, 3.75, 8, 4.5], "texture": "#3"}
			}
		},
		{
			"from": [7.5, 26, 12],
			"to": [8.5, 28, 15],
			"rotation": {"angle": 0, "axis": "y", "origin": [8, 21, 14]},
			"faces": {
				"north": {"uv": [8, 6, 8.25, 6.5], "texture": "#3"},
				"east": {"uv": [6.75, 1.5, 7.5, 2], "texture": "#3"},
				"south": {"uv": [6.25, 8, 6.5, 8.5], "texture": "#3"},
				"west": {"uv": [7.5, 1.5, 6.75, 2], "texture": "#3"},
				"up": {"uv": [4.75, 8.75, 4.5, 8], "texture": "#3"},
				"down": {"uv": [5, 8, 4.75, 8.75], "texture": "#3"}
			}
		},
		{
			"from": [7.5, 17, 11],
			"to": [8.5, 25, 12],
			"rotation": {"angle": 0, "axis": "y", "origin": [8, 21, 9]},
			"faces": {
				"north": {"uv": [6.25, 2, 6.5, 4], "texture": "#3"},
				"east": {"uv": [6.25, 0, 6.5, 2], "texture": "#3"},
				"south": {"uv": [6.25, 6, 6.5, 8], "texture": "#3"},
				"west": {"uv": [6.5, 0, 6.25, 2], "texture": "#3"},
				"up": {"uv": [8.5, 6.25, 8.25, 6], "texture": "#3"},
				"down": {"uv": [8.5, 6.25, 8.25, 6.5], "texture": "#3"}
			}
		},
		{
			"from": [8.001, 10.001, -2.999],
			"to": [7.999, 31.999, 18.999],
			"faces": {
				"north": {"uv": [6.5, 0, 6.5, 0], "texture": "#4"},
				"east": {"uv": [0, 0, 5.5, 5.5], "texture": "#4"},
				"south": {"uv": [6.5, 0, 6.5, 0], "texture": "#4"},
				"west": {"uv": [0, 0, 5.5, 5.5], "texture": "#4"},
				"up": {"uv": [0, 16, 0, 16], "texture": "#4"},
				"down": {"uv": [0, 8.65, 0, 8.65], "texture": "#4"}
			}
		}
	],
	"display": {
		"thirdperson_righthand": {
			"translation": [0, -1, 0.5],
			"scale": [0.93, 0.93, 0.93]
		},
		"thirdperson_lefthand": {
			"rotation": [80, 0, -54.95],
			"translation": [1.25, -6.25, 8.5]
		},
		"firstperson_righthand": {
			"rotation": [0, 3, 0],
			"translation": [1.25, -2.5, 0],
			"scale": [0.62, 0.62, 0.62]
		},
		"firstperson_lefthand": {
			"rotation": [0, 3, 0],
			"translation": [1.25, -2.5, 0],
			"scale": [0.62, 0.62, 0.62]
		},
		"ground": {
			"rotation": [0, 0, 90],
			"scale": [0.77, 0.77, 0.77]
		},
		"gui": {
			"rotation": [97.19, 45, -72.41],
			"translation": [-1.5, -1.75, 0],
			"scale": [0.52, 0.52, 0.52]
		},
		"head": {
			"rotation": [0, 45, 0]
		},
		"fixed": {
			"rotation": [0, 90, 0]
		}
	},
	"groups": [
		0,
		1,
		2,
		3,
		4,
		5,
		6,
		7,
		8,
		9,
		10,
		{
			"name": "group",
			"origin": [6.4, 16, 8],
			"color": 0,
			"children": [11, 12, 13, 14]
		},
		{
			"name": "group",
			"origin": [8, 27.25, 2.5],
			"color": 0,
			"children": [15, 16, 17, 18, 19, 20, 21, 22, 23]
		},
		{
			"name": "group",
			"origin": [8, 27.25, 2.5],
			"color": 0,
			"children": [24, 25, 26, 27, 28, 29, 30, 31, 32]
		},
		33
	]
}