{
	"credit": "Made with Blockbench",
	"textures": {
		"0": "item/stormscythe",
		"particle": "item/stormscythe"
	},
	"elements": [
		{
			"name": "stormscythe_0",
			"from": [7.75, 12.75, 7.85],
			"to": [8.375, 13.375, 8.275],
			"faces": {
				"north": {"uv": [8.375, 2.375, 7.75, 3], "texture": "#0"},
				"east": {"uv": [8.25, 2.375, 8.375, 3], "texture": "#0"},
				"south": {"uv": [7.75, 2.375, 8.375, 3], "texture": "#0"},
				"west": {"uv": [7.75, 2.375, 7.875, 3], "texture": "#0"},
				"up": {"uv": [7.75, 2.375, 8.375, 2.5], "texture": "#0"},
				"down": {"uv": [7.75, 2.875, 8.375, 3], "texture": "#0"}
			}
		},
		{
			"name": "stormscythe_1",
			"from": [7, 12.875, 7.85],
			"to": [7.75, 13.25, 8.275],
			"faces": {
				"north": {"uv": [7.75, 2.5, 7, 2.875], "texture": "#0"},
				"east": {"uv": [7.625, 2.5, 7.75, 2.875], "texture": "#0"},
				"south": {"uv": [7, 2.5, 7.75, 2.875], "texture": "#0"},
				"west": {"uv": [7, 2.5, 7.125, 2.875], "texture": "#0"},
				"up": {"uv": [7, 2.5, 7.75, 2.625], "texture": "#0"},
				"down": {"uv": [7, 2.75, 7.75, 2.875], "texture": "#0"}
			}
		},
		{
			"name": "stormscythe_2",
			"from": [8.375, 12.25, 7.85],
			"to": [8.75, 13.25, 8.275],
			"faces": {
				"north": {"uv": [8.75, 2.5, 8.375, 3.5], "texture": "#0"},
				"east": {"uv": [8.625, 2.5, 8.75, 3.5], "texture": "#0"},
				"south": {"uv": [8.375, 2.5, 8.75, 3.5], "texture": "#0"},
				"west": {"uv": [8.375, 2.5, 8.5, 3.5], "texture": "#0"},
				"up": {"uv": [8.375, 2.5, 8.75, 2.625], "texture": "#0"},
				"down": {"uv": [8.375, 3.375, 8.75, 3.5], "texture": "#0"}
			}
		},
		{
			"name": "stormscythe_3",
			"from": [9.125, 13, 7.85],
			"to": [9.5, 13.25, 8.275],
			"faces": {
				"north": {"uv": [9.5, 2.5, 9.125, 2.75], "texture": "#0"},
				"east": {"uv": [9.375, 2.5, 9.5, 2.75], "texture": "#0"},
				"south": {"uv": [9.125, 2.5, 9.5, 2.75], "texture": "#0"},
				"west": {"uv": [9.125, 2.5, 9.25, 2.75], "texture": "#0"},
				"up": {"uv": [9.125, 2.5, 9.5, 2.625], "texture": "#0"},
				"down": {"uv": [9.125, 2.625, 9.5, 2.75], "texture": "#0"}
			}
		},
		{
			"name": "stormscythe_4",
			"from": [9.5, 13.125, 7.85],
			"to": [9.625, 13.25, 8.275],
			"faces": {
				"north": {"uv": [9.625, 2.5, 9.5, 2.625], "texture": "#0"},
				"east": {"uv": [9.5, 2.5, 9.625, 2.625], "texture": "#0"},
				"south": {"uv": [9.5, 2.5, 9.625, 2.625], "texture": "#0"},
				"west": {"uv": [9.5, 2.5, 9.625, 2.625], "texture": "#0"},
				"up": {"uv": [9.5, 2.5, 9.625, 2.625], "texture": "#0"},
				"down": {"uv": [9.5, 2.5, 9.625, 2.625], "texture": "#0"}
			}
		},
		{
			"name": "stormscythe_5",
			"from": [6.625, 12.75, 7.85],
			"to": [7, 13.125, 8.275],
			"faces": {
				"north": {"uv": [7, 2.625, 6.625, 3], "texture": "#0"},
				"east": {"uv": [6.875, 2.625, 7, 3], "texture": "#0"},
				"south": {"uv": [6.625, 2.625, 7, 3], "texture": "#0"},
				"west": {"uv": [6.625, 2.625, 6.75, 3], "texture": "#0"},
				"up": {"uv": [6.625, 2.625, 7, 2.75], "texture": "#0"},
				"down": {"uv": [6.625, 2.875, 7, 3], "texture": "#0"}
			}
		},
		{
			"name": "stormscythe_6",
			"from": [8.75, 12.125, 7.85],
			"to": [9.125, 13.125, 8.275],
			"faces": {
				"north": {"uv": [9.125, 2.625, 8.75, 3.625], "texture": "#0"},
				"east": {"uv": [9, 2.625, 9.125, 3.625], "texture": "#0"},
				"south": {"uv": [8.75, 2.625, 9.125, 3.625], "texture": "#0"},
				"west": {"uv": [8.75, 2.625, 8.875, 3.625], "texture": "#0"},
				"up": {"uv": [8.75, 2.625, 9.125, 2.75], "texture": "#0"},
				"down": {"uv": [8.75, 3.5, 9.125, 3.625], "texture": "#0"}
			}
		},
		{
			"name": "stormscythe_7",
			"from": [9.125, 13.25, 8],
			"to": [10.125, 13.375, 8.125],
			"faces": {
				"north": {"uv": [13.125, 2.625, 12.125, 2.75], "texture": "#0"},
				"east": {"uv": [13, 2.625, 13.125, 2.75], "texture": "#0"},
				"south": {"uv": [12.125, 2.625, 13.125, 2.75], "texture": "#0"},
				"west": {"uv": [12.125, 2.625, 12.25, 2.75], "texture": "#0"},
				"up": {"uv": [12.125, 2.625, 13.125, 2.75], "texture": "#0"},
				"down": {"uv": [12.125, 2.625, 13.125, 2.75], "texture": "#0"}
			}
		},
		{
			"name": "stormscythe_8",
			"from": [6.375, 12.75, 7.85],
			"to": [6.625, 13, 8.275],
			"faces": {
				"north": {"uv": [6.625, 2.75, 6.375, 3], "texture": "#0"},
				"east": {"uv": [6.5, 2.75, 6.625, 3], "texture": "#0"},
				"south": {"uv": [6.375, 2.75, 6.625, 3], "texture": "#0"},
				"west": {"uv": [6.375, 2.75, 6.5, 3], "texture": "#0"},
				"up": {"uv": [6.375, 2.75, 6.625, 2.875], "texture": "#0"},
				"down": {"uv": [6.375, 2.875, 6.625, 3], "texture": "#0"}
			}
		},
		{
			"name": "stormscythe_9",
			"from": [9.125, 12.875, 7.85],
			"to": [9.375, 13, 8.275],
			"faces": {
				"north": {"uv": [9.375, 2.75, 9.125, 2.875], "texture": "#0"},
				"east": {"uv": [9.25, 2.75, 9.375, 2.875], "texture": "#0"},
				"south": {"uv": [9.125, 2.75, 9.375, 2.875], "texture": "#0"},
				"west": {"uv": [9.125, 2.75, 9.25, 2.875], "texture": "#0"},
				"up": {"uv": [9.125, 2.75, 9.375, 2.875], "texture": "#0"},
				"down": {"uv": [9.125, 2.75, 9.375, 2.875], "texture": "#0"}
			}
		},
		{
			"name": "stormscythe_10",
			"from": [8.75, 13.125, 8],
			"to": [9.125, 13.25, 8.125],
			"faces": {
				"north": {"uv": [12.125, 2.75, 11.75, 2.875], "texture": "#0"},
				"east": {"uv": [12, 2.75, 12.125, 2.875], "texture": "#0"},
				"south": {"uv": [11.75, 2.75, 12.125, 2.875], "texture": "#0"},
				"west": {"uv": [11.75, 2.75, 11.875, 2.875], "texture": "#0"},
				"up": {"uv": [11.75, 2.75, 12.125, 2.875], "texture": "#0"},
				"down": {"uv": [11.75, 2.75, 12.125, 2.875], "texture": "#0"}
			}
		},
		{
			"name": "stormscythe_11",
			"from": [9.625, 13, 8],
			"to": [9.875, 13.25, 8.125],
			"faces": {
				"north": {"uv": [12.875, 2.75, 12.625, 3], "texture": "#0"},
				"east": {"uv": [12.75, 2.75, 12.875, 3], "texture": "#0"},
				"south": {"uv": [12.625, 2.75, 12.875, 3], "texture": "#0"},
				"west": {"uv": [12.625, 2.75, 12.75, 3], "texture": "#0"},
				"up": {"uv": [12.625, 2.75, 12.875, 2.875], "texture": "#0"},
				"down": {"uv": [12.625, 2.875, 12.875, 3], "texture": "#0"}
			}
		},
		{
			"name": "stormscythe_12",
			"from": [9.875, 13.125, 8],
			"to": [10, 13.25, 8.125],
			"faces": {
				"north": {"uv": [13, 2.75, 12.875, 2.875], "texture": "#0"},
				"east": {"uv": [12.875, 2.75, 13, 2.875], "texture": "#0"},
				"south": {"uv": [12.875, 2.75, 13, 2.875], "texture": "#0"},
				"west": {"uv": [12.875, 2.75, 13, 2.875], "texture": "#0"},
				"up": {"uv": [12.875, 2.75, 13, 2.875], "texture": "#0"},
				"down": {"uv": [12.875, 2.75, 13, 2.875], "texture": "#0"}
			}
		},
		{
			"name": "stormscythe_13",
			"from": [6, 12.625, 7.85],
			"to": [6.375, 12.875, 8.275],
			"faces": {
				"north": {"uv": [6.375, 2.875, 6, 3.125], "texture": "#0"},
				"east": {"uv": [6.25, 2.875, 6.375, 3.125], "texture": "#0"},
				"south": {"uv": [6, 2.875, 6.375, 3.125], "texture": "#0"},
				"west": {"uv": [6, 2.875, 6.125, 3.125], "texture": "#0"},
				"up": {"uv": [6, 2.875, 6.375, 3], "texture": "#0"},
				"down": {"uv": [6, 3, 6.375, 3.125], "texture": "#0"}
			}
		},
		{
			"name": "stormscythe_14",
			"from": [7, 12.75, 7.85],
			"to": [7.125, 12.875, 8.275],
			"faces": {
				"north": {"uv": [7.125, 2.875, 7, 3], "texture": "#0"},
				"east": {"uv": [7, 2.875, 7.125, 3], "texture": "#0"},
				"south": {"uv": [7, 2.875, 7.125, 3], "texture": "#0"},
				"west": {"uv": [7, 2.875, 7.125, 3], "texture": "#0"},
				"up": {"uv": [7, 2.875, 7.125, 3], "texture": "#0"},
				"down": {"uv": [7, 2.875, 7.125, 3], "texture": "#0"}
			}
		},
		{
			"name": "stormscythe_15",
			"from": [9.125, 12.25, 7.85],
			"to": [9.25, 12.875, 8.275],
			"faces": {
				"north": {"uv": [9.25, 2.875, 9.125, 3.5], "texture": "#0"},
				"east": {"uv": [9.125, 2.875, 9.25, 3.5], "texture": "#0"},
				"south": {"uv": [9.125, 2.875, 9.25, 3.5], "texture": "#0"},
				"west": {"uv": [9.125, 2.875, 9.25, 3.5], "texture": "#0"},
				"up": {"uv": [9.125, 2.875, 9.25, 3], "texture": "#0"},
				"down": {"uv": [9.125, 3.375, 9.25, 3.5], "texture": "#0"}
			}
		},
		{
			"name": "stormscythe_16",
			"from": [9.5, 12.875, 8],
			"to": [9.625, 13.125, 8.125],
			"faces": {
				"north": {"uv": [12.625, 2.875, 12.5, 3.125], "texture": "#0"},
				"east": {"uv": [12.5, 2.875, 12.625, 3.125], "texture": "#0"},
				"south": {"uv": [12.5, 2.875, 12.625, 3.125], "texture": "#0"},
				"west": {"uv": [12.5, 2.875, 12.625, 3.125], "texture": "#0"},
				"up": {"uv": [12.5, 2.875, 12.625, 3], "texture": "#0"},
				"down": {"uv": [12.5, 3, 12.625, 3.125], "texture": "#0"}
			}
		},
		{
			"name": "stormscythe_17",
			"from": [5.625, 12.5, 7.85],
			"to": [6, 12.75, 8.275],
			"faces": {
				"north": {"uv": [6, 3, 5.625, 3.25], "texture": "#0"},
				"east": {"uv": [5.875, 3, 6, 3.25], "texture": "#0"},
				"south": {"uv": [5.625, 3, 6, 3.25], "texture": "#0"},
				"west": {"uv": [5.625, 3, 5.75, 3.25], "texture": "#0"},
				"up": {"uv": [5.625, 3, 6, 3.125], "texture": "#0"},
				"down": {"uv": [5.625, 3.125, 6, 3.25], "texture": "#0"}
			}
		},
		{
			"name": "stormscythe_18",
			"from": [6.375, 12.625, 7.85],
			"to": [6.5, 12.75, 8.275],
			"faces": {
				"north": {"uv": [6.5, 3, 6.375, 3.125], "texture": "#0"},
				"east": {"uv": [6.375, 3, 6.5, 3.125], "texture": "#0"},
				"south": {"uv": [6.375, 3, 6.5, 3.125], "texture": "#0"},
				"west": {"uv": [6.375, 3, 6.5, 3.125], "texture": "#0"},
				"up": {"uv": [6.375, 3, 6.5, 3.125], "texture": "#0"},
				"down": {"uv": [6.375, 3, 6.5, 3.125], "texture": "#0"}
			}
		},
		{
			"name": "stormscythe_19",
			"from": [7.875, 12.5, 7.85],
			"to": [8.375, 12.75, 8.275],
			"faces": {
				"north": {"uv": [8.375, 3, 7.875, 3.25], "texture": "#0"},
				"east": {"uv": [8.25, 3, 8.375, 3.25], "texture": "#0"},
				"south": {"uv": [7.875, 3, 8.375, 3.25], "texture": "#0"},
				"west": {"uv": [7.875, 3, 8, 3.25], "texture": "#0"},
				"up": {"uv": [7.875, 3, 8.375, 3.125], "texture": "#0"},
				"down": {"uv": [7.875, 3.125, 8.375, 3.25], "texture": "#0"}
			}
		},
		{
			"name": "stormscythe_20",
			"from": [9.25, 12.5, 7.85],
			"to": [9.75, 12.75, 8.275],
			"faces": {
				"north": {"uv": [9.75, 3, 9.25, 3.25], "texture": "#0"},
				"east": {"uv": [9.625, 3, 9.75, 3.25], "texture": "#0"},
				"south": {"uv": [9.25, 3, 9.75, 3.25], "texture": "#0"},
				"west": {"uv": [9.25, 3, 9.375, 3.25], "texture": "#0"},
				"up": {"uv": [9.25, 3, 9.75, 3.125], "texture": "#0"},
				"down": {"uv": [9.25, 3.125, 9.75, 3.25], "texture": "#0"}
			}
		},
		{
			"name": "stormscythe_21",
			"from": [9.375, 12.75, 8],
			"to": [9.5, 13, 8.125],
			"faces": {
				"north": {"uv": [12.5, 3, 12.375, 3.25], "texture": "#0"},
				"east": {"uv": [12.375, 3, 12.5, 3.25], "texture": "#0"},
				"south": {"uv": [12.375, 3, 12.5, 3.25], "texture": "#0"},
				"west": {"uv": [12.375, 3, 12.5, 3.25], "texture": "#0"},
				"up": {"uv": [12.375, 3, 12.5, 3.125], "texture": "#0"},
				"down": {"uv": [12.375, 3.125, 12.5, 3.25], "texture": "#0"}
			}
		},
		{
			"name": "stormscythe_22",
			"from": [5.375, 12.5, 7.85],
			"to": [5.625, 12.625, 8.275],
			"faces": {
				"north": {"uv": [5.625, 3.125, 5.375, 3.25], "texture": "#0"},
				"east": {"uv": [5.5, 3.125, 5.625, 3.25], "texture": "#0"},
				"south": {"uv": [5.375, 3.125, 5.625, 3.25], "texture": "#0"},
				"west": {"uv": [5.375, 3.125, 5.5, 3.25], "texture": "#0"},
				"up": {"uv": [5.375, 3.125, 5.625, 3.25], "texture": "#0"},
				"down": {"uv": [5.375, 3.125, 5.625, 3.25], "texture": "#0"}
			}
		},
		{
			"name": "stormscythe_23",
			"from": [7.75, 12.375, 7.85],
			"to": [7.875, 12.625, 8.275],
			"faces": {
				"north": {"uv": [7.875, 3.125, 7.75, 3.375], "texture": "#0"},
				"east": {"uv": [7.75, 3.125, 7.875, 3.375], "texture": "#0"},
				"south": {"uv": [7.75, 3.125, 7.875, 3.375], "texture": "#0"},
				"west": {"uv": [7.75, 3.125, 7.875, 3.375], "texture": "#0"},
				"up": {"uv": [7.75, 3.125, 7.875, 3.25], "texture": "#0"},
				"down": {"uv": [7.75, 3.25, 7.875, 3.375], "texture": "#0"}
			}
		},
		{
			"name": "stormscythe_24",
			"from": [9.75, 12.5, 7.85],
			"to": [10.125, 12.625, 8.275],
			"faces": {
				"north": {"uv": [10.125, 3.125, 9.75, 3.25], "texture": "#0"},
				"east": {"uv": [10, 3.125, 10.125, 3.25], "texture": "#0"},
				"south": {"uv": [9.75, 3.125, 10.125, 3.25], "texture": "#0"},
				"west": {"uv": [9.75, 3.125, 9.875, 3.25], "texture": "#0"},
				"up": {"uv": [9.75, 3.125, 10.125, 3.25], "texture": "#0"},
				"down": {"uv": [9.75, 3.125, 10.125, 3.25], "texture": "#0"}
			}
		},
		{
			"name": "stormscythe_25",
			"from": [9.25, 12.75, 8],
			"to": [9.375, 12.875, 8.125],
			"faces": {
				"north": {"uv": [12.375, 3.125, 12.25, 3.25], "texture": "#0"},
				"east": {"uv": [12.25, 3.125, 12.375, 3.25], "texture": "#0"},
				"south": {"uv": [12.25, 3.125, 12.375, 3.25], "texture": "#0"},
				"west": {"uv": [12.25, 3.125, 12.375, 3.25], "texture": "#0"},
				"up": {"uv": [12.25, 3.125, 12.375, 3.25], "texture": "#0"},
				"down": {"uv": [12.25, 3.125, 12.375, 3.25], "texture": "#0"}
			}
		},
		{
			"name": "stormscythe_26",
			"from": [5.25, 12.375, 7.85],
			"to": [5.375, 12.5, 8.275],
			"faces": {
				"north": {"uv": [5.375, 3.25, 5.25, 3.375], "texture": "#0"},
				"east": {"uv": [5.25, 3.25, 5.375, 3.375], "texture": "#0"},
				"south": {"uv": [5.25, 3.25, 5.375, 3.375], "texture": "#0"},
				"west": {"uv": [5.25, 3.25, 5.375, 3.375], "texture": "#0"},
				"up": {"uv": [5.25, 3.25, 5.375, 3.375], "texture": "#0"},
				"down": {"uv": [5.25, 3.25, 5.375, 3.375], "texture": "#0"}
			}
		},
		{
			"name": "stormscythe_27",
			"from": [7.625, 12.25, 7.85],
			"to": [7.75, 12.5, 8.275],
			"faces": {
				"north": {"uv": [7.75, 3.25, 7.625, 3.5], "texture": "#0"},
				"east": {"uv": [7.625, 3.25, 7.75, 3.5], "texture": "#0"},
				"south": {"uv": [7.625, 3.25, 7.75, 3.5], "texture": "#0"},
				"west": {"uv": [7.625, 3.25, 7.75, 3.5], "texture": "#0"},
				"up": {"uv": [7.625, 3.25, 7.75, 3.375], "texture": "#0"},
				"down": {"uv": [7.625, 3.375, 7.75, 3.5], "texture": "#0"}
			}
		},
		{
			"name": "stormscythe_28",
			"from": [7.875, 12.375, 7.85],
			"to": [8, 12.5, 8.275],
			"faces": {
				"north": {"uv": [8, 3.25, 7.875, 3.375], "texture": "#0"},
				"east": {"uv": [7.875, 3.25, 8, 3.375], "texture": "#0"},
				"south": {"uv": [7.875, 3.25, 8, 3.375], "texture": "#0"},
				"west": {"uv": [7.875, 3.25, 8, 3.375], "texture": "#0"},
				"up": {"uv": [7.875, 3.25, 8, 3.375], "texture": "#0"},
				"down": {"uv": [7.875, 3.25, 8, 3.375], "texture": "#0"}
			}
		},
		{
			"name": "stormscythe_29",
			"from": [9.25, 12.375, 7.85],
			"to": [9.5, 12.5, 8.275],
			"faces": {
				"north": {"uv": [9.5, 3.25, 9.25, 3.375], "texture": "#0"},
				"east": {"uv": [9.375, 3.25, 9.5, 3.375], "texture": "#0"},
				"south": {"uv": [9.25, 3.25, 9.5, 3.375], "texture": "#0"},
				"west": {"uv": [9.25, 3.25, 9.375, 3.375], "texture": "#0"},
				"up": {"uv": [9.25, 3.25, 9.5, 3.375], "texture": "#0"},
				"down": {"uv": [9.25, 3.25, 9.5, 3.375], "texture": "#0"}
			}
		},
		{
			"name": "stormscythe_30",
			"from": [9.875, 12.375, 7.85],
			"to": [10.125, 12.5, 8.275],
			"faces": {
				"north": {"uv": [10.125, 3.25, 9.875, 3.375], "texture": "#0"},
				"east": {"uv": [10, 3.25, 10.125, 3.375], "texture": "#0"},
				"south": {"uv": [9.875, 3.25, 10.125, 3.375], "texture": "#0"},
				"west": {"uv": [9.875, 3.25, 10, 3.375], "texture": "#0"},
				"up": {"uv": [9.875, 3.25, 10.125, 3.375], "texture": "#0"},
				"down": {"uv": [9.875, 3.25, 10.125, 3.375], "texture": "#0"}
			}
		},
		{
			"name": "stormscythe_31",
			"from": [7.125, 12.375, 7.95],
			"to": [7.625, 12.875, 8.175],
			"faces": {
				"north": {"uv": [5.125, 3.375, 4.625, 3.875], "texture": "#0"},
				"east": {"uv": [5, 3.375, 5.125, 3.875], "texture": "#0"},
				"south": {"uv": [4.625, 3.375, 5.125, 3.875], "texture": "#0"},
				"west": {"uv": [4.625, 3.375, 4.75, 3.875], "texture": "#0"},
				"up": {"uv": [4.625, 3.375, 5.125, 3.5], "texture": "#0"},
				"down": {"uv": [4.625, 3.75, 5.125, 3.875], "texture": "#0"}
			}
		},
		{
			"name": "stormscythe_32",
			"from": [7.625, 12.5, 7.95],
			"to": [7.75, 12.875, 8.175],
			"faces": {
				"north": {"uv": [5.25, 3.375, 5.125, 3.75], "texture": "#0"},
				"east": {"uv": [5.125, 3.375, 5.25, 3.75], "texture": "#0"},
				"south": {"uv": [5.125, 3.375, 5.25, 3.75], "texture": "#0"},
				"west": {"uv": [5.125, 3.375, 5.25, 3.75], "texture": "#0"},
				"up": {"uv": [5.125, 3.375, 5.25, 3.5], "texture": "#0"},
				"down": {"uv": [5.125, 3.625, 5.25, 3.75], "texture": "#0"}
			}
		},
		{
			"name": "stormscythe_33",
			"from": [6.5, 12.5, 7.95],
			"to": [7.125, 12.75, 8.175],
			"faces": {
				"north": {"uv": [4.625, 3.5, 4, 3.75], "texture": "#0"},
				"east": {"uv": [4.5, 3.5, 4.625, 3.75], "texture": "#0"},
				"south": {"uv": [4, 3.5, 4.625, 3.75], "texture": "#0"},
				"west": {"uv": [4, 3.5, 4.125, 3.75], "texture": "#0"},
				"up": {"uv": [4, 3.5, 4.625, 3.625], "texture": "#0"},
				"down": {"uv": [4, 3.625, 4.625, 3.75], "texture": "#0"}
			}
		},
		{
			"name": "stormscythe_34",
			"from": [7.5, 12.125, 7.85],
			"to": [7.625, 12.25, 8.275],
			"faces": {
				"north": {"uv": [7.625, 3.5, 7.5, 3.625], "texture": "#0"},
				"east": {"uv": [7.5, 3.5, 7.625, 3.625], "texture": "#0"},
				"south": {"uv": [7.5, 3.5, 7.625, 3.625], "texture": "#0"},
				"west": {"uv": [7.5, 3.5, 7.625, 3.625], "texture": "#0"},
				"up": {"uv": [7.5, 3.5, 7.625, 3.625], "texture": "#0"},
				"down": {"uv": [7.5, 3.5, 7.625, 3.625], "texture": "#0"}
			}
		},
		{
			"name": "stormscythe_35",
			"from": [8.5, 11.625, 7.85],
			"to": [8.75, 12.25, 8.275],
			"faces": {
				"north": {"uv": [8.75, 3.5, 8.5, 4.125], "texture": "#0"},
				"east": {"uv": [8.625, 3.5, 8.75, 4.125], "texture": "#0"},
				"south": {"uv": [8.5, 3.5, 8.75, 4.125], "texture": "#0"},
				"west": {"uv": [8.5, 3.5, 8.625, 4.125], "texture": "#0"},
				"up": {"uv": [8.5, 3.5, 8.75, 3.625], "texture": "#0"},
				"down": {"uv": [8.5, 4, 8.75, 4.125], "texture": "#0"}
			}
		},
		{
			"name": "stormscythe_36",
			"from": [9.5, 12.125, 8],
			"to": [9.875, 12.5, 8.125],
			"faces": {
				"north": {"uv": [12.875, 3.5, 12.5, 3.875], "texture": "#0"},
				"east": {"uv": [12.75, 3.5, 12.875, 3.875], "texture": "#0"},
				"south": {"uv": [12.5, 3.5, 12.875, 3.875], "texture": "#0"},
				"west": {"uv": [12.5, 3.5, 12.625, 3.875], "texture": "#0"},
				"up": {"uv": [12.5, 3.5, 12.875, 3.625], "texture": "#0"},
				"down": {"uv": [12.5, 3.75, 12.875, 3.875], "texture": "#0"}
			}
		},
		{
			"name": "stormscythe_37",
			"from": [10.125, 12, 8],
			"to": [10.25, 12.5, 8.125],
			"faces": {
				"north": {"uv": [13.25, 3.5, 13.125, 4], "texture": "#0"},
				"east": {"uv": [13.125, 3.5, 13.25, 4], "texture": "#0"},
				"south": {"uv": [13.125, 3.5, 13.25, 4], "texture": "#0"},
				"west": {"uv": [13.125, 3.5, 13.25, 4], "texture": "#0"},
				"up": {"uv": [13.125, 3.5, 13.25, 3.625], "texture": "#0"},
				"down": {"uv": [13.125, 3.875, 13.25, 4], "texture": "#0"}
			}
		},
		{
			"name": "stormscythe_38",
			"from": [6, 12.375, 7.95],
			"to": [6.5, 12.625, 8.175],
			"faces": {
				"north": {"uv": [4, 3.625, 3.5, 3.875], "texture": "#0"},
				"east": {"uv": [3.875, 3.625, 4, 3.875], "texture": "#0"},
				"south": {"uv": [3.5, 3.625, 4, 3.875], "texture": "#0"},
				"west": {"uv": [3.5, 3.625, 3.625, 3.875], "texture": "#0"},
				"up": {"uv": [3.5, 3.625, 4, 3.75], "texture": "#0"},
				"down": {"uv": [3.5, 3.75, 4, 3.875], "texture": "#0"}
			}
		},
		{
			"name": "stormscythe_39",
			"from": [8.375, 11.375, 7.85],
			"to": [8.5, 12.125, 8.275],
			"faces": {
				"north": {"uv": [8.5, 3.625, 8.375, 4.375], "texture": "#0"},
				"east": {"uv": [8.375, 3.625, 8.5, 4.375], "texture": "#0"},
				"south": {"uv": [8.375, 3.625, 8.5, 4.375], "texture": "#0"},
				"west": {"uv": [8.375, 3.625, 8.5, 4.375], "texture": "#0"},
				"up": {"uv": [8.375, 3.625, 8.5, 3.75], "texture": "#0"},
				"down": {"uv": [8.375, 4.25, 8.5, 4.375], "texture": "#0"}
			}
		},
		{
			"name": "stormscythe_40",
			"from": [8.75, 11.875, 7.85],
			"to": [9, 12.125, 8.275],
			"faces": {
				"north": {"uv": [9, 3.625, 8.75, 3.875], "texture": "#0"},
				"east": {"uv": [8.875, 3.625, 9, 3.875], "texture": "#0"},
				"south": {"uv": [8.75, 3.625, 9, 3.875], "texture": "#0"},
				"west": {"uv": [8.75, 3.625, 8.875, 3.875], "texture": "#0"},
				"up": {"uv": [8.75, 3.625, 9, 3.75], "texture": "#0"},
				"down": {"uv": [8.75, 3.75, 9, 3.875], "texture": "#0"}
			}
		},
		{
			"name": "stormscythe_41",
			"from": [9.25, 12.125, 8],
			"to": [9.5, 12.375, 8.125],
			"faces": {
				"north": {"uv": [12.5, 3.625, 12.25, 3.875], "texture": "#0"},
				"east": {"uv": [12.375, 3.625, 12.5, 3.875], "texture": "#0"},
				"south": {"uv": [12.25, 3.625, 12.5, 3.875], "texture": "#0"},
				"west": {"uv": [12.25, 3.625, 12.375, 3.875], "texture": "#0"},
				"up": {"uv": [12.25, 3.625, 12.5, 3.75], "texture": "#0"},
				"down": {"uv": [12.25, 3.75, 12.5, 3.875], "texture": "#0"}
			}
		},
		{
			"name": "stormscythe_42",
			"from": [9.875, 12.125, 8],
			"to": [10.125, 12.375, 8.125],
			"faces": {
				"north": {"uv": [13.125, 3.625, 12.875, 3.875], "texture": "#0"},
				"east": {"uv": [13, 3.625, 13.125, 3.875], "texture": "#0"},
				"south": {"uv": [12.875, 3.625, 13.125, 3.875], "texture": "#0"},
				"west": {"uv": [12.875, 3.625, 13, 3.875], "texture": "#0"},
				"up": {"uv": [12.875, 3.625, 13.125, 3.75], "texture": "#0"},
				"down": {"uv": [12.875, 3.75, 13.125, 3.875], "texture": "#0"}
			}
		},
		{
			"name": "stormscythe_43",
			"from": [10.25, 11.875, 8],
			"to": [10.375, 12.375, 8.125],
			"faces": {
				"north": {"uv": [13.375, 3.625, 13.25, 4.125], "texture": "#0"},
				"east": {"uv": [13.25, 3.625, 13.375, 4.125], "texture": "#0"},
				"south": {"uv": [13.25, 3.625, 13.375, 4.125], "texture": "#0"},
				"west": {"uv": [13.25, 3.625, 13.375, 4.125], "texture": "#0"},
				"up": {"uv": [13.25, 3.625, 13.375, 3.75], "texture": "#0"},
				"down": {"uv": [13.25, 4, 13.375, 4.125], "texture": "#0"}
			}
		},
		{
			"name": "stormscythe_44",
			"from": [5.375, 12.25, 7.95],
			"to": [6, 12.5, 8.175],
			"faces": {
				"north": {"uv": [3.5, 3.75, 2.875, 4], "texture": "#0"},
				"east": {"uv": [3.375, 3.75, 3.5, 4], "texture": "#0"},
				"south": {"uv": [2.875, 3.75, 3.5, 4], "texture": "#0"},
				"west": {"uv": [2.875, 3.75, 3, 4], "texture": "#0"},
				"up": {"uv": [2.875, 3.75, 3.5, 3.875], "texture": "#0"},
				"down": {"uv": [2.875, 3.875, 3.5, 4], "texture": "#0"}
			}
		},
		{
			"name": "stormscythe_45",
			"from": [6.5, 12.375, 7.95],
			"to": [6.625, 12.5, 8.175],
			"faces": {
				"north": {"uv": [4.125, 3.75, 4, 3.875], "texture": "#0"},
				"east": {"uv": [4, 3.75, 4.125, 3.875], "texture": "#0"},
				"south": {"uv": [4, 3.75, 4.125, 3.875], "texture": "#0"},
				"west": {"uv": [4, 3.75, 4.125, 3.875], "texture": "#0"},
				"up": {"uv": [4, 3.75, 4.125, 3.875], "texture": "#0"},
				"down": {"uv": [4, 3.75, 4.125, 3.875], "texture": "#0"}
			}
		},
		{
			"name": "stormscythe_46",
			"from": [7, 12.375, 7.95],
			"to": [7.125, 12.5, 8.175],
			"faces": {
				"north": {"uv": [4.625, 3.75, 4.5, 3.875], "texture": "#0"},
				"east": {"uv": [4.5, 3.75, 4.625, 3.875], "texture": "#0"},
				"south": {"uv": [4.5, 3.75, 4.625, 3.875], "texture": "#0"},
				"west": {"uv": [4.5, 3.75, 4.625, 3.875], "texture": "#0"},
				"up": {"uv": [4.5, 3.75, 4.625, 3.875], "texture": "#0"},
				"down": {"uv": [4.5, 3.75, 4.625, 3.875], "texture": "#0"}
			}
		},
		{
			"name": "stormscythe_47",
			"from": [8, 12.375, 7.95],
			"to": [8.375, 12.5, 8.175],
			"faces": {
				"north": {"uv": [5.875, 3.75, 5.5, 3.875], "texture": "#0"},
				"east": {"uv": [5.75, 3.75, 5.875, 3.875], "texture": "#0"},
				"south": {"uv": [5.5, 3.75, 5.875, 3.875], "texture": "#0"},
				"west": {"uv": [5.5, 3.75, 5.625, 3.875], "texture": "#0"},
				"up": {"uv": [5.5, 3.75, 5.875, 3.875], "texture": "#0"},
				"down": {"uv": [5.5, 3.75, 5.875, 3.875], "texture": "#0"}
			}
		},
		{
			"name": "stormscythe_48",
			"from": [8.25, 11.5, 7.85],
			"to": [8.375, 12, 8.275],
			"faces": {
				"north": {"uv": [8.375, 3.75, 8.25, 4.25], "texture": "#0"},
				"east": {"uv": [8.25, 3.75, 8.375, 4.25], "texture": "#0"},
				"south": {"uv": [8.25, 3.75, 8.375, 4.25], "texture": "#0"},
				"west": {"uv": [8.25, 3.75, 8.375, 4.25], "texture": "#0"},
				"up": {"uv": [8.25, 3.75, 8.375, 3.875], "texture": "#0"},
				"down": {"uv": [8.25, 4.125, 8.375, 4.25], "texture": "#0"}
			}
		},
		{
			"name": "stormscythe_49",
			"from": [9.125, 11.625, 8],
			"to": [9.25, 12.25, 8.125],
			"faces": {
				"north": {"uv": [12.25, 3.75, 12.125, 4.375], "texture": "#0"},
				"east": {"uv": [12.125, 3.75, 12.25, 4.375], "texture": "#0"},
				"south": {"uv": [12.125, 3.75, 12.25, 4.375], "texture": "#0"},
				"west": {"uv": [12.125, 3.75, 12.25, 4.375], "texture": "#0"},
				"up": {"uv": [12.125, 3.75, 12.25, 3.875], "texture": "#0"},
				"down": {"uv": [12.125, 4.25, 12.25, 4.375], "texture": "#0"}
			}
		},
		{
			"name": "stormscythe_50",
			"from": [10.375, 11.75, 8],
			"to": [10.5, 12.25, 8.125],
			"faces": {
				"north": {"uv": [13.5, 3.75, 13.375, 4.25], "texture": "#0"},
				"east": {"uv": [13.375, 3.75, 13.5, 4.25], "texture": "#0"},
				"south": {"uv": [13.375, 3.75, 13.5, 4.25], "texture": "#0"},
				"west": {"uv": [13.375, 3.75, 13.5, 4.25], "texture": "#0"},
				"up": {"uv": [13.375, 3.75, 13.5, 3.875], "texture": "#0"},
				"down": {"uv": [13.375, 4.125, 13.5, 4.25], "texture": "#0"}
			}
		},
		{
			"name": "stormscythe_51",
			"from": [5.125, 12.125, 7.95],
			"to": [5.375, 12.375, 8.175],
			"faces": {
				"north": {"uv": [2.875, 3.875, 2.625, 4.125], "texture": "#0"},
				"east": {"uv": [2.75, 3.875, 2.875, 4.125], "texture": "#0"},
				"south": {"uv": [2.625, 3.875, 2.875, 4.125], "texture": "#0"},
				"west": {"uv": [2.625, 3.875, 2.75, 4.125], "texture": "#0"},
				"up": {"uv": [2.625, 3.875, 2.875, 4], "texture": "#0"},
				"down": {"uv": [2.625, 4, 2.875, 4.125], "texture": "#0"}
			}
		},
		{
			"name": "stormscythe_52",
			"from": [7.25, 12.25, 7.95],
			"to": [7.625, 12.375, 8.175],
			"faces": {
				"north": {"uv": [5.125, 3.875, 4.75, 4], "texture": "#0"},
				"east": {"uv": [5, 3.875, 5.125, 4], "texture": "#0"},
				"south": {"uv": [4.75, 3.875, 5.125, 4], "texture": "#0"},
				"west": {"uv": [4.75, 3.875, 4.875, 4], "texture": "#0"},
				"up": {"uv": [4.75, 3.875, 5.125, 4], "texture": "#0"},
				"down": {"uv": [4.75, 3.875, 5.125, 4], "texture": "#0"}
			}
		},
		{
			"name": "stormscythe_53",
			"from": [7.75, 12.25, 7.95],
			"to": [8, 12.375, 8.175],
			"faces": {
				"north": {"uv": [5.5, 3.875, 5.25, 4], "texture": "#0"},
				"east": {"uv": [5.375, 3.875, 5.5, 4], "texture": "#0"},
				"south": {"uv": [5.25, 3.875, 5.5, 4], "texture": "#0"},
				"west": {"uv": [5.25, 3.875, 5.375, 4], "texture": "#0"},
				"up": {"uv": [5.25, 3.875, 5.5, 4], "texture": "#0"},
				"down": {"uv": [5.25, 3.875, 5.5, 4], "texture": "#0"}
			}
		},
		{
			"name": "stormscythe_54",
			"from": [8.125, 12.25, 7.95],
			"to": [8.375, 12.375, 8.175],
			"faces": {
				"north": {"uv": [5.875, 3.875, 5.625, 4], "texture": "#0"},
				"east": {"uv": [5.75, 3.875, 5.875, 4], "texture": "#0"},
				"south": {"uv": [5.625, 3.875, 5.875, 4], "texture": "#0"},
				"west": {"uv": [5.625, 3.875, 5.75, 4], "texture": "#0"},
				"up": {"uv": [5.625, 3.875, 5.875, 4], "texture": "#0"},
				"down": {"uv": [5.625, 3.875, 5.875, 4], "texture": "#0"}
			}
		},
		{
			"name": "stormscythe_55",
			"from": [8.125, 11.625, 7.85],
			"to": [8.25, 11.875, 8.275],
			"faces": {
				"north": {"uv": [8.25, 3.875, 8.125, 4.125], "texture": "#0"},
				"east": {"uv": [8.125, 3.875, 8.25, 4.125], "texture": "#0"},
				"south": {"uv": [8.125, 3.875, 8.25, 4.125], "texture": "#0"},
				"west": {"uv": [8.125, 3.875, 8.25, 4.125], "texture": "#0"},
				"up": {"uv": [8.125, 3.875, 8.25, 4], "texture": "#0"},
				"down": {"uv": [8.125, 4, 8.25, 4.125], "texture": "#0"}
			}
		},
		{
			"name": "stormscythe_56",
			"from": [8.75, 11.75, 7.85],
			"to": [8.875, 11.875, 8.275],
			"faces": {
				"north": {"uv": [8.875, 3.875, 8.75, 4], "texture": "#0"},
				"east": {"uv": [8.75, 3.875, 8.875, 4], "texture": "#0"},
				"south": {"uv": [8.75, 3.875, 8.875, 4], "texture": "#0"},
				"west": {"uv": [8.75, 3.875, 8.875, 4], "texture": "#0"},
				"up": {"uv": [8.75, 3.875, 8.875, 4], "texture": "#0"},
				"down": {"uv": [8.75, 3.875, 8.875, 4], "texture": "#0"}
			}
		},
		{
			"name": "stormscythe_57",
			"from": [9, 11.625, 8],
			"to": [9.125, 12.125, 8.125],
			"faces": {
				"north": {"uv": [12.125, 3.875, 12, 4.375], "texture": "#0"},
				"east": {"uv": [12, 3.875, 12.125, 4.375], "texture": "#0"},
				"south": {"uv": [12, 3.875, 12.125, 4.375], "texture": "#0"},
				"west": {"uv": [12, 3.875, 12.125, 4.375], "texture": "#0"},
				"up": {"uv": [12, 3.875, 12.125, 4], "texture": "#0"},
				"down": {"uv": [12, 4.25, 12.125, 4.375], "texture": "#0"}
			}
		},
		{
			"name": "stormscythe_58",
			"from": [9.25, 11.625, 8],
			"to": [9.375, 12.125, 8.125],
			"faces": {
				"north": {"uv": [12.375, 3.875, 12.25, 4.375], "texture": "#0"},
				"east": {"uv": [12.25, 3.875, 12.375, 4.375], "texture": "#0"},
				"south": {"uv": [12.25, 3.875, 12.375, 4.375], "texture": "#0"},
				"west": {"uv": [12.25, 3.875, 12.375, 4.375], "texture": "#0"},
				"up": {"uv": [12.25, 3.875, 12.375, 4], "texture": "#0"},
				"down": {"uv": [12.25, 4.25, 12.375, 4.375], "texture": "#0"}
			}
		},
		{
			"name": "stormscythe_59",
			"from": [10.5, 11.625, 8],
			"to": [10.625, 12.125, 8.125],
			"faces": {
				"north": {"uv": [13.625, 3.875, 13.5, 4.375], "texture": "#0"},
				"east": {"uv": [13.5, 3.875, 13.625, 4.375], "texture": "#0"},
				"south": {"uv": [13.5, 3.875, 13.625, 4.375], "texture": "#0"},
				"west": {"uv": [13.5, 3.875, 13.625, 4.375], "texture": "#0"},
				"up": {"uv": [13.5, 3.875, 13.625, 4], "texture": "#0"},
				"down": {"uv": [13.5, 4.25, 13.625, 4.375], "texture": "#0"}
			}
		},
		{
			"name": "stormscythe_60",
			"from": [5, 12, 7.95],
			"to": [5.125, 12.25, 8.175],
			"faces": {
				"north": {"uv": [2.625, 4, 2.5, 4.25], "texture": "#0"},
				"east": {"uv": [2.5, 4, 2.625, 4.25], "texture": "#0"},
				"south": {"uv": [2.5, 4, 2.625, 4.25], "texture": "#0"},
				"west": {"uv": [2.5, 4, 2.625, 4.25], "texture": "#0"},
				"up": {"uv": [2.5, 4, 2.625, 4.125], "texture": "#0"},
				"down": {"uv": [2.5, 4.125, 2.625, 4.25], "texture": "#0"}
			}
		},
		{
			"name": "stormscythe_61",
			"from": [5.375, 12.125, 7.95],
			"to": [5.5, 12.25, 8.175],
			"faces": {
				"north": {"uv": [3, 4, 2.875, 4.125], "texture": "#0"},
				"east": {"uv": [2.875, 4, 3, 4.125], "texture": "#0"},
				"south": {"uv": [2.875, 4, 3, 4.125], "texture": "#0"},
				"west": {"uv": [2.875, 4, 3, 4.125], "texture": "#0"},
				"up": {"uv": [2.875, 4, 3, 4.125], "texture": "#0"},
				"down": {"uv": [2.875, 4, 3, 4.125], "texture": "#0"}
			}
		},
		{
			"name": "stormscythe_62",
			"from": [7.375, 12, 7.95],
			"to": [7.5, 12.25, 8.175],
			"faces": {
				"north": {"uv": [5, 4, 4.875, 4.25], "texture": "#0"},
				"east": {"uv": [4.875, 4, 5, 4.25], "texture": "#0"},
				"south": {"uv": [4.875, 4, 5, 4.25], "texture": "#0"},
				"west": {"uv": [4.875, 4, 5, 4.25], "texture": "#0"},
				"up": {"uv": [4.875, 4, 5, 4.125], "texture": "#0"},
				"down": {"uv": [4.875, 4.125, 5, 4.25], "texture": "#0"}
			}
		},
		{
			"name": "stormscythe_63",
			"from": [7.625, 12.125, 7.95],
			"to": [7.875, 12.25, 8.175],
			"faces": {
				"north": {"uv": [5.375, 4, 5.125, 4.125], "texture": "#0"},
				"east": {"uv": [5.25, 4, 5.375, 4.125], "texture": "#0"},
				"south": {"uv": [5.125, 4, 5.375, 4.125], "texture": "#0"},
				"west": {"uv": [5.125, 4, 5.25, 4.125], "texture": "#0"},
				"up": {"uv": [5.125, 4, 5.375, 4.125], "texture": "#0"},
				"down": {"uv": [5.125, 4, 5.375, 4.125], "texture": "#0"}
			}
		},
		{
			"name": "stormscythe_64",
			"from": [8.25, 12.125, 7.95],
			"to": [8.5, 12.25, 8.175],
			"faces": {
				"north": {"uv": [6, 4, 5.75, 4.125], "texture": "#0"},
				"east": {"uv": [5.875, 4, 6, 4.125], "texture": "#0"},
				"south": {"uv": [5.75, 4, 6, 4.125], "texture": "#0"},
				"west": {"uv": [5.75, 4, 5.875, 4.125], "texture": "#0"},
				"up": {"uv": [5.75, 4, 6, 4.125], "texture": "#0"},
				"down": {"uv": [5.75, 4, 6, 4.125], "texture": "#0"}
			}
		},
		{
			"name": "stormscythe_65",
			"from": [4.875, 11.875, 7.95],
			"to": [5, 12.125, 8.175],
			"faces": {
				"north": {"uv": [2.5, 4.125, 2.375, 4.375], "texture": "#0"},
				"east": {"uv": [2.375, 4.125, 2.5, 4.375], "texture": "#0"},
				"south": {"uv": [2.375, 4.125, 2.5, 4.375], "texture": "#0"},
				"west": {"uv": [2.375, 4.125, 2.5, 4.375], "texture": "#0"},
				"up": {"uv": [2.375, 4.125, 2.5, 4.25], "texture": "#0"},
				"down": {"uv": [2.375, 4.25, 2.5, 4.375], "texture": "#0"}
			}
		},
		{
			"name": "stormscythe_66",
			"from": [5.125, 12, 7.95],
			"to": [5.25, 12.125, 8.175],
			"faces": {
				"north": {"uv": [2.75, 4.125, 2.625, 4.25], "texture": "#0"},
				"east": {"uv": [2.625, 4.125, 2.75, 4.25], "texture": "#0"},
				"south": {"uv": [2.625, 4.125, 2.75, 4.25], "texture": "#0"},
				"west": {"uv": [2.625, 4.125, 2.75, 4.25], "texture": "#0"},
				"up": {"uv": [2.625, 4.125, 2.75, 4.25], "texture": "#0"},
				"down": {"uv": [2.625, 4.125, 2.75, 4.25], "texture": "#0"}
			}
		},
		{
			"name": "stormscythe_67",
			"from": [7.5, 12, 7.95],
			"to": [7.625, 12.125, 8.175],
			"faces": {
				"north": {"uv": [5.125, 4.125, 5, 4.25], "texture": "#0"},
				"east": {"uv": [5, 4.125, 5.125, 4.25], "texture": "#0"},
				"south": {"uv": [5, 4.125, 5.125, 4.25], "texture": "#0"},
				"west": {"uv": [5, 4.125, 5.125, 4.25], "texture": "#0"},
				"up": {"uv": [5, 4.125, 5.125, 4.25], "texture": "#0"},
				"down": {"uv": [5, 4.125, 5.125, 4.25], "texture": "#0"}
			}
		},
		{
			"name": "stormscythe_68",
			"from": [8.5, 11.5, 7.85],
			"to": [8.625, 11.625, 8.275],
			"faces": {
				"north": {"uv": [8.625, 4.125, 8.5, 4.25], "texture": "#0"},
				"east": {"uv": [8.5, 4.125, 8.625, 4.25], "texture": "#0"},
				"south": {"uv": [8.5, 4.125, 8.625, 4.25], "texture": "#0"},
				"west": {"uv": [8.5, 4.125, 8.625, 4.25], "texture": "#0"},
				"up": {"uv": [8.5, 4.125, 8.625, 4.25], "texture": "#0"},
				"down": {"uv": [8.5, 4.125, 8.625, 4.25], "texture": "#0"}
			}
		},
		{
			"name": "stormscythe_69",
			"from": [8.875, 11.5, 8],
			"to": [9, 11.875, 8.125],
			"faces": {
				"north": {"uv": [12, 4.125, 11.875, 4.5], "texture": "#0"},
				"east": {"uv": [11.875, 4.125, 12, 4.5], "texture": "#0"},
				"south": {"uv": [11.875, 4.125, 12, 4.5], "texture": "#0"},
				"west": {"uv": [11.875, 4.125, 12, 4.5], "texture": "#0"},
				"up": {"uv": [11.875, 4.125, 12, 4.25], "texture": "#0"},
				"down": {"uv": [11.875, 4.375, 12, 4.5], "texture": "#0"}
			}
		},
		{
			"name": "stormscythe_70",
			"from": [9.375, 11.5, 8],
			"to": [9.5, 11.875, 8.125],
			"faces": {
				"north": {"uv": [12.5, 4.125, 12.375, 4.5], "texture": "#0"},
				"east": {"uv": [12.375, 4.125, 12.5, 4.5], "texture": "#0"},
				"south": {"uv": [12.375, 4.125, 12.5, 4.5], "texture": "#0"},
				"west": {"uv": [12.375, 4.125, 12.5, 4.5], "texture": "#0"},
				"up": {"uv": [12.375, 4.125, 12.5, 4.25], "texture": "#0"},
				"down": {"uv": [12.375, 4.375, 12.5, 4.5], "texture": "#0"}
			}
		},
		{
			"name": "stormscythe_71",
			"from": [7.75, 11.875, 7.95],
			"to": [7.875, 12, 8.175],
			"faces": {
				"north": {"uv": [5.375, 4.25, 5.25, 4.375], "texture": "#0"},
				"east": {"uv": [5.25, 4.25, 5.375, 4.375], "texture": "#0"},
				"south": {"uv": [5.25, 4.25, 5.375, 4.375], "texture": "#0"},
				"west": {"uv": [5.25, 4.25, 5.375, 4.375], "texture": "#0"},
				"up": {"uv": [5.25, 4.25, 5.375, 4.375], "texture": "#0"},
				"down": {"uv": [5.25, 4.25, 5.375, 4.375], "texture": "#0"}
			}
		},
		{
			"name": "stormscythe_72",
			"from": [8, 9.125, 7.9],
			"to": [8.125, 11.75, 8.225],
			"faces": {
				"north": {"uv": [8.125, 4.25, 8, 6.875], "texture": "#0"},
				"east": {"uv": [8, 4.25, 8.125, 6.875], "texture": "#0"},
				"south": {"uv": [8, 4.25, 8.125, 6.875], "texture": "#0"},
				"west": {"uv": [8, 4.25, 8.125, 6.875], "texture": "#0"},
				"up": {"uv": [8, 4.25, 8.125, 4.375], "texture": "#0"},
				"down": {"uv": [8, 6.75, 8.125, 6.875], "texture": "#0"}
			}
		},
		{
			"name": "stormscythe_73",
			"from": [8.75, 11.375, 8],
			"to": [8.875, 11.75, 8.125],
			"faces": {
				"north": {"uv": [11.875, 4.25, 11.75, 4.625], "texture": "#0"},
				"east": {"uv": [11.75, 4.25, 11.875, 4.625], "texture": "#0"},
				"south": {"uv": [11.75, 4.25, 11.875, 4.625], "texture": "#0"},
				"west": {"uv": [11.75, 4.25, 11.875, 4.625], "texture": "#0"},
				"up": {"uv": [11.75, 4.25, 11.875, 4.375], "texture": "#0"},
				"down": {"uv": [11.75, 4.5, 11.875, 4.625], "texture": "#0"}
			}
		},
		{
			"name": "stormscythe_74",
			"from": [9.5, 11.375, 8],
			"to": [9.625, 11.75, 8.125],
			"faces": {
				"north": {"uv": [12.625, 4.25, 12.5, 4.625], "texture": "#0"},
				"east": {"uv": [12.5, 4.25, 12.625, 4.625], "texture": "#0"},
				"south": {"uv": [12.5, 4.25, 12.625, 4.625], "texture": "#0"},
				"west": {"uv": [12.5, 4.25, 12.625, 4.625], "texture": "#0"},
				"up": {"uv": [12.5, 4.25, 12.625, 4.375], "texture": "#0"},
				"down": {"uv": [12.5, 4.5, 12.625, 4.625], "texture": "#0"}
			}
		},
		{
			"name": "stormscythe_75",
			"from": [8.125, 10.75, 7.9],
			"to": [8.25, 11.625, 8.225],
			"faces": {
				"north": {"uv": [8.25, 4.375, 8.125, 5.25], "texture": "#0"},
				"east": {"uv": [8.125, 4.375, 8.25, 5.25], "texture": "#0"},
				"south": {"uv": [8.125, 4.375, 8.25, 5.25], "texture": "#0"},
				"west": {"uv": [8.125, 4.375, 8.25, 5.25], "texture": "#0"},
				"up": {"uv": [8.125, 4.375, 8.25, 4.5], "texture": "#0"},
				"down": {"uv": [8.125, 5.125, 8.25, 5.25], "texture": "#0"}
			}
		},
		{
			"name": "stormscythe_76",
			"from": [8.625, 11.125, 8],
			"to": [8.75, 11.625, 8.125],
			"faces": {
				"north": {"uv": [11.75, 4.375, 11.625, 4.875], "texture": "#0"},
				"east": {"uv": [11.625, 4.375, 11.75, 4.875], "texture": "#0"},
				"south": {"uv": [11.625, 4.375, 11.75, 4.875], "texture": "#0"},
				"west": {"uv": [11.625, 4.375, 11.75, 4.875], "texture": "#0"},
				"up": {"uv": [11.625, 4.375, 11.75, 4.5], "texture": "#0"},
				"down": {"uv": [11.625, 4.75, 11.75, 4.875], "texture": "#0"}
			}
		},
		{
			"name": "stormscythe_77",
			"from": [5.125, 12.375, 8],
			"to": [5.25, 12.5, 8.125],
			"faces": {
				"north": {"uv": [2.75, 4.5, 2.625, 4.625], "texture": "#0"},
				"east": {"uv": [2.625, 4.5, 2.75, 4.625], "texture": "#0"},
				"south": {"uv": [2.625, 4.5, 2.75, 4.625], "texture": "#0"},
				"west": {"uv": [2.625, 4.5, 2.75, 4.625], "texture": "#0"},
				"up": {"uv": [2.625, 4.5, 2.75, 4.625], "texture": "#0"},
				"down": {"uv": [2.625, 4.5, 2.75, 4.625], "texture": "#0"}
			}
		},
		{
			"name": "stormscythe_78",
			"from": [6.625, 12.125, 8],
			"to": [7, 12.5, 8.125],
			"faces": {
				"north": {"uv": [4.5, 4.5, 4.125, 4.875], "texture": "#0"},
				"east": {"uv": [4.375, 4.5, 4.5, 4.875], "texture": "#0"},
				"south": {"uv": [4.125, 4.5, 4.5, 4.875], "texture": "#0"},
				"west": {"uv": [4.125, 4.5, 4.25, 4.875], "texture": "#0"},
				"up": {"uv": [4.125, 4.5, 4.5, 4.625], "texture": "#0"},
				"down": {"uv": [4.125, 4.75, 4.5, 4.875], "texture": "#0"}
			}
		},
		{
			"name": "stormscythe_79",
			"from": [7.875, 9.25, 7.9],
			"to": [8, 11.5, 8.225],
			"faces": {
				"north": {"uv": [8, 4.5, 7.875, 6.75], "texture": "#0"},
				"east": {"uv": [7.875, 4.5, 8, 6.75], "texture": "#0"},
				"south": {"uv": [7.875, 4.5, 8, 6.75], "texture": "#0"},
				"west": {"uv": [7.875, 4.5, 8, 6.75], "texture": "#0"},
				"up": {"uv": [7.875, 4.5, 8, 4.625], "texture": "#0"},
				"down": {"uv": [7.875, 6.625, 8, 6.75], "texture": "#0"}
			}
		},
		{
			"name": "stormscythe_80",
			"from": [8.25, 11.125, 7.9],
			"to": [8.375, 11.5, 8.225],
			"faces": {
				"north": {"uv": [8.375, 4.5, 8.25, 4.875], "texture": "#0"},
				"east": {"uv": [8.25, 4.5, 8.375, 4.875], "texture": "#0"},
				"south": {"uv": [8.25, 4.5, 8.375, 4.875], "texture": "#0"},
				"west": {"uv": [8.25, 4.5, 8.375, 4.875], "texture": "#0"},
				"up": {"uv": [8.25, 4.5, 8.375, 4.625], "texture": "#0"},
				"down": {"uv": [8.25, 4.75, 8.375, 4.875], "texture": "#0"}
			}
		},
		{
			"name": "stormscythe_81",
			"from": [8.5, 10.875, 8],
			"to": [8.625, 11.5, 8.125],
			"faces": {
				"north": {"uv": [11.625, 4.5, 11.5, 5.125], "texture": "#0"},
				"east": {"uv": [11.5, 4.5, 11.625, 5.125], "texture": "#0"},
				"south": {"uv": [11.5, 4.5, 11.625, 5.125], "texture": "#0"},
				"west": {"uv": [11.5, 4.5, 11.625, 5.125], "texture": "#0"},
				"up": {"uv": [11.5, 4.5, 11.625, 4.625], "texture": "#0"},
				"down": {"uv": [11.5, 5, 11.625, 5.125], "texture": "#0"}
			}
		},
		{
			"name": "stormscythe_82",
			"from": [4.875, 12.25, 8],
			"to": [5.125, 12.375, 8.125],
			"faces": {
				"north": {"uv": [2.625, 4.625, 2.375, 4.75], "texture": "#0"},
				"east": {"uv": [2.5, 4.625, 2.625, 4.75], "texture": "#0"},
				"south": {"uv": [2.375, 4.625, 2.625, 4.75], "texture": "#0"},
				"west": {"uv": [2.375, 4.625, 2.5, 4.75], "texture": "#0"},
				"up": {"uv": [2.375, 4.625, 2.625, 4.75], "texture": "#0"},
				"down": {"uv": [2.375, 4.625, 2.625, 4.75], "texture": "#0"}
			}
		},
		{
			"name": "stormscythe_83",
			"from": [6, 12, 8],
			"to": [6.625, 12.375, 8.125],
			"faces": {
				"north": {"uv": [4.125, 4.625, 3.5, 5], "texture": "#0"},
				"east": {"uv": [4, 4.625, 4.125, 5], "texture": "#0"},
				"south": {"uv": [3.5, 4.625, 4.125, 5], "texture": "#0"},
				"west": {"uv": [3.5, 4.625, 3.625, 5], "texture": "#0"},
				"up": {"uv": [3.5, 4.625, 4.125, 4.75], "texture": "#0"},
				"down": {"uv": [3.5, 4.875, 4.125, 5], "texture": "#0"}
			}
		},
		{
			"name": "stormscythe_84",
			"from": [7, 12, 8],
			"to": [7.25, 12.375, 8.125],
			"faces": {
				"north": {"uv": [4.75, 4.625, 4.5, 5], "texture": "#0"},
				"east": {"uv": [4.625, 4.625, 4.75, 5], "texture": "#0"},
				"south": {"uv": [4.5, 4.625, 4.75, 5], "texture": "#0"},
				"west": {"uv": [4.5, 4.625, 4.625, 5], "texture": "#0"},
				"up": {"uv": [4.5, 4.625, 4.75, 4.75], "texture": "#0"},
				"down": {"uv": [4.5, 4.875, 4.75, 5], "texture": "#0"}
			}
		},
		{
			"name": "stormscythe_85",
			"from": [8, 12, 8],
			"to": [8.125, 12.375, 8.125],
			"faces": {
				"north": {"uv": [5.625, 4.625, 5.5, 5], "texture": "#0"},
				"east": {"uv": [5.5, 4.625, 5.625, 5], "texture": "#0"},
				"south": {"uv": [5.5, 4.625, 5.625, 5], "texture": "#0"},
				"west": {"uv": [5.5, 4.625, 5.625, 5], "texture": "#0"},
				"up": {"uv": [5.5, 4.625, 5.625, 4.75], "texture": "#0"},
				"down": {"uv": [5.5, 4.875, 5.625, 5], "texture": "#0"}
			}
		},
		{
			"name": "stormscythe_86",
			"from": [8.375, 11.25, 7.9],
			"to": [8.5, 11.375, 8.225],
			"faces": {
				"north": {"uv": [8.5, 4.625, 8.375, 4.75], "texture": "#0"},
				"east": {"uv": [8.375, 4.625, 8.5, 4.75], "texture": "#0"},
				"south": {"uv": [8.375, 4.625, 8.5, 4.75], "texture": "#0"},
				"west": {"uv": [8.375, 4.625, 8.5, 4.75], "texture": "#0"},
				"up": {"uv": [8.375, 4.625, 8.5, 4.75], "texture": "#0"},
				"down": {"uv": [8.375, 4.625, 8.5, 4.75], "texture": "#0"}
			}
		},
		{
			"name": "stormscythe_87",
			"from": [4.75, 12.125, 8],
			"to": [5, 12.25, 8.125],
			"faces": {
				"north": {"uv": [2.5, 4.75, 2.25, 4.875], "texture": "#0"},
				"east": {"uv": [2.375, 4.75, 2.5, 4.875], "texture": "#0"},
				"south": {"uv": [2.25, 4.75, 2.5, 4.875], "texture": "#0"},
				"west": {"uv": [2.25, 4.75, 2.375, 4.875], "texture": "#0"},
				"up": {"uv": [2.25, 4.75, 2.5, 4.875], "texture": "#0"},
				"down": {"uv": [2.25, 4.75, 2.5, 4.875], "texture": "#0"}
			}
		},
		{
			"name": "stormscythe_88",
			"from": [5.5, 12, 8],
			"to": [6, 12.25, 8.125],
			"faces": {
				"north": {"uv": [3.5, 4.75, 3, 5], "texture": "#0"},
				"east": {"uv": [3.375, 4.75, 3.5, 5], "texture": "#0"},
				"south": {"uv": [3, 4.75, 3.5, 5], "texture": "#0"},
				"west": {"uv": [3, 4.75, 3.125, 5], "texture": "#0"},
				"up": {"uv": [3, 4.75, 3.5, 4.875], "texture": "#0"},
				"down": {"uv": [3, 4.875, 3.5, 5], "texture": "#0"}
			}
		},
		{
			"name": "stormscythe_89",
			"from": [7.25, 11.875, 8],
			"to": [7.375, 12.25, 8.125],
			"faces": {
				"north": {"uv": [4.875, 4.75, 4.75, 5.125], "texture": "#0"},
				"east": {"uv": [4.75, 4.75, 4.875, 5.125], "texture": "#0"},
				"south": {"uv": [4.75, 4.75, 4.875, 5.125], "texture": "#0"},
				"west": {"uv": [4.75, 4.75, 4.875, 5.125], "texture": "#0"},
				"up": {"uv": [4.75, 4.75, 4.875, 4.875], "texture": "#0"},
				"down": {"uv": [4.75, 5, 4.875, 5.125], "texture": "#0"}
			}
		},
		{
			"name": "stormscythe_90",
			"from": [7.875, 11.875, 8],
			"to": [8, 12.25, 8.125],
			"faces": {
				"north": {"uv": [5.5, 4.75, 5.375, 5.125], "texture": "#0"},
				"east": {"uv": [5.375, 4.75, 5.5, 5.125], "texture": "#0"},
				"south": {"uv": [5.375, 4.75, 5.5, 5.125], "texture": "#0"},
				"west": {"uv": [5.375, 4.75, 5.5, 5.125], "texture": "#0"},
				"up": {"uv": [5.375, 4.75, 5.5, 4.875], "texture": "#0"},
				"down": {"uv": [5.375, 5, 5.5, 5.125], "texture": "#0"}
			}
		},
		{
			"name": "stormscythe_91",
			"from": [8.125, 12.125, 8],
			"to": [8.25, 12.25, 8.125],
			"faces": {
				"north": {"uv": [5.75, 4.75, 5.625, 4.875], "texture": "#0"},
				"east": {"uv": [5.625, 4.75, 5.75, 4.875], "texture": "#0"},
				"south": {"uv": [5.625, 4.75, 5.75, 4.875], "texture": "#0"},
				"west": {"uv": [5.625, 4.75, 5.75, 4.875], "texture": "#0"},
				"up": {"uv": [5.625, 4.75, 5.75, 4.875], "texture": "#0"},
				"down": {"uv": [5.625, 4.75, 5.75, 4.875], "texture": "#0"}
			}
		},
		{
			"name": "stormscythe_92",
			"from": [7.75, 9.75, 7.9],
			"to": [7.875, 11.25, 8.225],
			"faces": {
				"north": {"uv": [7.875, 4.75, 7.75, 6.25], "texture": "#0"},
				"east": {"uv": [7.75, 4.75, 7.875, 6.25], "texture": "#0"},
				"south": {"uv": [7.75, 4.75, 7.875, 6.25], "texture": "#0"},
				"west": {"uv": [7.75, 4.75, 7.875, 6.25], "texture": "#0"},
				"up": {"uv": [7.75, 4.75, 7.875, 4.875], "texture": "#0"},
				"down": {"uv": [7.75, 6.125, 7.875, 6.25], "texture": "#0"}
			}
		},
		{
			"name": "stormscythe_93",
			"from": [8.375, 10.375, 8],
			"to": [8.5, 11.25, 8.125],
			"faces": {
				"north": {"uv": [11.5, 4.75, 11.375, 5.625], "texture": "#0"},
				"east": {"uv": [11.375, 4.75, 11.5, 5.625], "texture": "#0"},
				"south": {"uv": [11.375, 4.75, 11.5, 5.625], "texture": "#0"},
				"west": {"uv": [11.375, 4.75, 11.5, 5.625], "texture": "#0"},
				"up": {"uv": [11.375, 4.75, 11.5, 4.875], "texture": "#0"},
				"down": {"uv": [11.375, 5.5, 11.5, 5.625], "texture": "#0"}
			}
		},
		{
			"name": "stormscythe_94",
			"from": [4.625, 11.5, 8],
			"to": [4.875, 12.125, 8.125],
			"faces": {
				"north": {"uv": [2.375, 4.875, 2.125, 5.5], "texture": "#0"},
				"east": {"uv": [2.25, 4.875, 2.375, 5.5], "texture": "#0"},
				"south": {"uv": [2.125, 4.875, 2.375, 5.5], "texture": "#0"},
				"west": {"uv": [2.125, 4.875, 2.25, 5.5], "texture": "#0"},
				"up": {"uv": [2.125, 4.875, 2.375, 5], "texture": "#0"},
				"down": {"uv": [2.125, 5.375, 2.375, 5.5], "texture": "#0"}
			}
		},
		{
			"name": "stormscythe_95",
			"from": [5.25, 11.875, 8],
			"to": [5.5, 12.125, 8.125],
			"faces": {
				"north": {"uv": [3, 4.875, 2.75, 5.125], "texture": "#0"},
				"east": {"uv": [2.875, 4.875, 3, 5.125], "texture": "#0"},
				"south": {"uv": [2.75, 4.875, 3, 5.125], "texture": "#0"},
				"west": {"uv": [2.75, 4.875, 2.875, 5.125], "texture": "#0"},
				"up": {"uv": [2.75, 4.875, 3, 5], "texture": "#0"},
				"down": {"uv": [2.75, 5, 3, 5.125], "texture": "#0"}
			}
		},
		{
			"name": "stormscythe_96",
			"from": [6.875, 12, 8],
			"to": [7, 12.125, 8.125],
			"faces": {
				"north": {"uv": [4.5, 4.875, 4.375, 5], "texture": "#0"},
				"east": {"uv": [4.375, 4.875, 4.5, 5], "texture": "#0"},
				"south": {"uv": [4.375, 4.875, 4.5, 5], "texture": "#0"},
				"west": {"uv": [4.375, 4.875, 4.5, 5], "texture": "#0"},
				"up": {"uv": [4.375, 4.875, 4.5, 5], "texture": "#0"},
				"down": {"uv": [4.375, 4.875, 4.5, 5], "texture": "#0"}
			}
		},
		{
			"name": "stormscythe_97",
			"from": [7.625, 11.75, 8],
			"to": [7.875, 12.125, 8.125],
			"faces": {
				"north": {"uv": [5.375, 4.875, 5.125, 5.25], "texture": "#0"},
				"east": {"uv": [5.25, 4.875, 5.375, 5.25], "texture": "#0"},
				"south": {"uv": [5.125, 4.875, 5.375, 5.25], "texture": "#0"},
				"west": {"uv": [5.125, 4.875, 5.25, 5.25], "texture": "#0"},
				"up": {"uv": [5.125, 4.875, 5.375, 5], "texture": "#0"},
				"down": {"uv": [5.125, 5.125, 5.375, 5.25], "texture": "#0"}
			}
		},
		{
			"name": "stormscythe_98",
			"from": [8.25, 12, 8],
			"to": [8.375, 12.125, 8.125],
			"faces": {
				"north": {"uv": [5.875, 4.875, 5.75, 5], "texture": "#0"},
				"east": {"uv": [5.75, 4.875, 5.875, 5], "texture": "#0"},
				"south": {"uv": [5.75, 4.875, 5.875, 5], "texture": "#0"},
				"west": {"uv": [5.75, 4.875, 5.875, 5], "texture": "#0"},
				"up": {"uv": [5.75, 4.875, 5.875, 5], "texture": "#0"},
				"down": {"uv": [5.75, 4.875, 5.875, 5], "texture": "#0"}
			}
		},
		{
			"name": "stormscythe_99",
			"from": [8.25, 10.625, 8],
			"to": [8.375, 11.125, 8.125],
			"faces": {
				"north": {"uv": [11.375, 4.875, 11.25, 5.375], "texture": "#0"},
				"east": {"uv": [11.25, 4.875, 11.375, 5.375], "texture": "#0"},
				"south": {"uv": [11.25, 4.875, 11.375, 5.375], "texture": "#0"},
				"west": {"uv": [11.25, 4.875, 11.375, 5.375], "texture": "#0"},
				"up": {"uv": [11.25, 4.875, 11.375, 5], "texture": "#0"},
				"down": {"uv": [11.25, 5.25, 11.375, 5.375], "texture": "#0"}
			}
		},
		{
			"name": "stormscythe_100",
			"from": [4.5, 11.375, 8],
			"to": [4.625, 12, 8.125],
			"faces": {
				"north": {"uv": [2.125, 5, 2, 5.625], "texture": "#0"},
				"east": {"uv": [2, 5, 2.125, 5.625], "texture": "#0"},
				"south": {"uv": [2, 5, 2.125, 5.625], "texture": "#0"},
				"west": {"uv": [2, 5, 2.125, 5.625], "texture": "#0"},
				"up": {"uv": [2, 5, 2.125, 5.125], "texture": "#0"},
				"down": {"uv": [2, 5.5, 2.125, 5.625], "texture": "#0"}
			}
		},
		{
			"name": "stormscythe_101",
			"from": [5, 11.75, 8],
			"to": [5.25, 12, 8.125],
			"faces": {
				"north": {"uv": [2.75, 5, 2.5, 5.25], "texture": "#0"},
				"east": {"uv": [2.625, 5, 2.75, 5.25], "texture": "#0"},
				"south": {"uv": [2.5, 5, 2.75, 5.25], "texture": "#0"},
				"west": {"uv": [2.5, 5, 2.625, 5.25], "texture": "#0"},
				"up": {"uv": [2.5, 5, 2.75, 5.125], "texture": "#0"},
				"down": {"uv": [2.5, 5.125, 2.75, 5.25], "texture": "#0"}
			}
		},
		{
			"name": "stormscythe_102",
			"from": [5.5, 11.875, 8],
			"to": [5.75, 12, 8.125],
			"faces": {
				"north": {"uv": [3.25, 5, 3, 5.125], "texture": "#0"},
				"east": {"uv": [3.125, 5, 3.25, 5.125], "texture": "#0"},
				"south": {"uv": [3, 5, 3.25, 5.125], "texture": "#0"},
				"west": {"uv": [3, 5, 3.125, 5.125], "texture": "#0"},
				"up": {"uv": [3, 5, 3.25, 5.125], "texture": "#0"},
				"down": {"uv": [3, 5, 3.25, 5.125], "texture": "#0"}
			}
		},
		{
			"name": "stormscythe_103",
			"from": [7.125, 11.875, 8],
			"to": [7.25, 12, 8.125],
			"faces": {
				"north": {"uv": [4.75, 5, 4.625, 5.125], "texture": "#0"},
				"east": {"uv": [4.625, 5, 4.75, 5.125], "texture": "#0"},
				"south": {"uv": [4.625, 5, 4.75, 5.125], "texture": "#0"},
				"west": {"uv": [4.625, 5, 4.75, 5.125], "texture": "#0"},
				"up": {"uv": [4.625, 5, 4.75, 5.125], "texture": "#0"},
				"down": {"uv": [4.625, 5, 4.75, 5.125], "texture": "#0"}
			}
		},
		{
			"name": "stormscythe_104",
			"from": [7.375, 11.375, 8],
			"to": [7.625, 12, 8.125],
			"faces": {
				"north": {"uv": [5.125, 5, 4.875, 5.625], "texture": "#0"},
				"east": {"uv": [5, 5, 5.125, 5.625], "texture": "#0"},
				"south": {"uv": [4.875, 5, 5.125, 5.625], "texture": "#0"},
				"west": {"uv": [4.875, 5, 5, 5.625], "texture": "#0"},
				"up": {"uv": [4.875, 5, 5.125, 5.125], "texture": "#0"},
				"down": {"uv": [4.875, 5.5, 5.125, 5.625], "texture": "#0"}
			}
		},
		{
			"name": "stormscythe_105",
			"from": [7.625, 10.25, 7.9],
			"to": [7.75, 11, 8.225],
			"faces": {
				"north": {"uv": [7.75, 5, 7.625, 5.75], "texture": "#0"},
				"east": {"uv": [7.625, 5, 7.75, 5.75], "texture": "#0"},
				"south": {"uv": [7.625, 5, 7.75, 5.75], "texture": "#0"},
				"west": {"uv": [7.625, 5, 7.75, 5.75], "texture": "#0"},
				"up": {"uv": [7.625, 5, 7.75, 5.125], "texture": "#0"},
				"down": {"uv": [7.625, 5.625, 7.75, 5.75], "texture": "#0"}
			}
		},
		{
			"name": "stormscythe_106",
			"from": [4.375, 11.375, 8],
			"to": [4.5, 11.875, 8.125],
			"faces": {
				"north": {"uv": [2, 5.125, 1.875, 5.625], "texture": "#0"},
				"east": {"uv": [1.875, 5.125, 2, 5.625], "texture": "#0"},
				"south": {"uv": [1.875, 5.125, 2, 5.625], "texture": "#0"},
				"west": {"uv": [1.875, 5.125, 2, 5.625], "texture": "#0"},
				"up": {"uv": [1.875, 5.125, 2, 5.25], "texture": "#0"},
				"down": {"uv": [1.875, 5.5, 2, 5.625], "texture": "#0"}
			}
		},
		{
			"name": "stormscythe_107",
			"from": [4.875, 11.625, 8],
			"to": [5, 11.875, 8.125],
			"faces": {
				"north": {"uv": [2.5, 5.125, 2.375, 5.375], "texture": "#0"},
				"east": {"uv": [2.375, 5.125, 2.5, 5.375], "texture": "#0"},
				"south": {"uv": [2.375, 5.125, 2.5, 5.375], "texture": "#0"},
				"west": {"uv": [2.375, 5.125, 2.5, 5.375], "texture": "#0"},
				"up": {"uv": [2.375, 5.125, 2.5, 5.25], "texture": "#0"},
				"down": {"uv": [2.375, 5.25, 2.5, 5.375], "texture": "#0"}
			}
		},
		{
			"name": "stormscythe_108",
			"from": [5.25, 11.75, 8],
			"to": [5.375, 11.875, 8.125],
			"faces": {
				"north": {"uv": [2.875, 5.125, 2.75, 5.25], "texture": "#0"},
				"east": {"uv": [2.75, 5.125, 2.875, 5.25], "texture": "#0"},
				"south": {"uv": [2.75, 5.125, 2.875, 5.25], "texture": "#0"},
				"west": {"uv": [2.75, 5.125, 2.875, 5.25], "texture": "#0"},
				"up": {"uv": [2.75, 5.125, 2.875, 5.25], "texture": "#0"},
				"down": {"uv": [2.75, 5.125, 2.875, 5.25], "texture": "#0"}
			}
		},
		{
			"name": "stormscythe_109",
			"from": [4.25, 11.25, 8],
			"to": [4.375, 11.75, 8.125],
			"faces": {
				"north": {"uv": [1.875, 5.25, 1.75, 5.75], "texture": "#0"},
				"east": {"uv": [1.75, 5.25, 1.875, 5.75], "texture": "#0"},
				"south": {"uv": [1.75, 5.25, 1.875, 5.75], "texture": "#0"},
				"west": {"uv": [1.75, 5.25, 1.875, 5.75], "texture": "#0"},
				"up": {"uv": [1.75, 5.25, 1.875, 5.375], "texture": "#0"},
				"down": {"uv": [1.75, 5.625, 1.875, 5.75], "texture": "#0"}
			}
		},
		{
			"name": "stormscythe_110",
			"from": [5, 11.625, 8],
			"to": [5.125, 11.75, 8.125],
			"faces": {
				"north": {"uv": [2.625, 5.25, 2.5, 5.375], "texture": "#0"},
				"east": {"uv": [2.5, 5.25, 2.625, 5.375], "texture": "#0"},
				"south": {"uv": [2.5, 5.25, 2.625, 5.375], "texture": "#0"},
				"west": {"uv": [2.5, 5.25, 2.625, 5.375], "texture": "#0"},
				"up": {"uv": [2.5, 5.25, 2.625, 5.375], "texture": "#0"},
				"down": {"uv": [2.5, 5.25, 2.625, 5.375], "texture": "#0"}
			}
		},
		{
			"name": "stormscythe_111",
			"from": [7.625, 11.5, 8],
			"to": [7.75, 11.75, 8.125],
			"faces": {
				"north": {"uv": [5.25, 5.25, 5.125, 5.5], "texture": "#0"},
				"east": {"uv": [5.125, 5.25, 5.25, 5.5], "texture": "#0"},
				"south": {"uv": [5.125, 5.25, 5.25, 5.5], "texture": "#0"},
				"west": {"uv": [5.125, 5.25, 5.25, 5.5], "texture": "#0"},
				"up": {"uv": [5.125, 5.25, 5.25, 5.375], "texture": "#0"},
				"down": {"uv": [5.125, 5.375, 5.25, 5.5], "texture": "#0"}
			}
		},
		{
			"name": "stormscythe_112",
			"from": [8.5, 10.375, 8],
			"to": [8.625, 10.625, 8.125],
			"faces": {
				"north": {"uv": [11.625, 5.375, 11.5, 5.625], "texture": "#0"},
				"east": {"uv": [11.5, 5.375, 11.625, 5.625], "texture": "#0"},
				"south": {"uv": [11.5, 5.375, 11.625, 5.625], "texture": "#0"},
				"west": {"uv": [11.5, 5.375, 11.625, 5.625], "texture": "#0"},
				"up": {"uv": [11.5, 5.375, 11.625, 5.5], "texture": "#0"},
				"down": {"uv": [11.5, 5.5, 11.625, 5.625], "texture": "#0"}
			}
		},
		{
			"name": "stormscythe_113",
			"from": [4.125, 11.125, 8],
			"to": [4.25, 11.5, 8.125],
			"faces": {
				"north": {"uv": [1.75, 5.5, 1.625, 5.875], "texture": "#0"},
				"east": {"uv": [1.625, 5.5, 1.75, 5.875], "texture": "#0"},
				"south": {"uv": [1.625, 5.5, 1.75, 5.875], "texture": "#0"},
				"west": {"uv": [1.625, 5.5, 1.75, 5.875], "texture": "#0"},
				"up": {"uv": [1.625, 5.5, 1.75, 5.625], "texture": "#0"},
				"down": {"uv": [1.625, 5.75, 1.75, 5.875], "texture": "#0"}
			}
		},
		{
			"name": "stormscythe_114",
			"from": [7.25, 11.25, 8],
			"to": [7.375, 11.5, 8.125],
			"faces": {
				"north": {"uv": [4.875, 5.5, 4.75, 5.75], "texture": "#0"},
				"east": {"uv": [4.75, 5.5, 4.875, 5.75], "texture": "#0"},
				"south": {"uv": [4.75, 5.5, 4.875, 5.75], "texture": "#0"},
				"west": {"uv": [4.75, 5.5, 4.875, 5.75], "texture": "#0"},
				"up": {"uv": [4.75, 5.5, 4.875, 5.625], "texture": "#0"},
				"down": {"uv": [4.75, 5.625, 4.875, 5.75], "texture": "#0"}
			}
		},
		{
			"name": "stormscythe_115",
			"from": [8.625, 10.375, 8],
			"to": [8.875, 10.5, 8.125],
			"faces": {
				"north": {"uv": [11.875, 5.5, 11.625, 5.625], "texture": "#0"},
				"east": {"uv": [11.75, 5.5, 11.875, 5.625], "texture": "#0"},
				"south": {"uv": [11.625, 5.5, 11.875, 5.625], "texture": "#0"},
				"west": {"uv": [11.625, 5.5, 11.75, 5.625], "texture": "#0"},
				"up": {"uv": [11.625, 5.5, 11.875, 5.625], "texture": "#0"},
				"down": {"uv": [11.625, 5.5, 11.875, 5.625], "texture": "#0"}
			}
		},
		{
			"name": "stormscythe_116",
			"from": [8.125, 9.125, 7.9],
			"to": [8.25, 10.125, 8.225],
			"faces": {
				"north": {"uv": [8.25, 5.875, 8.125, 6.875], "texture": "#0"},
				"east": {"uv": [8.125, 5.875, 8.25, 6.875], "texture": "#0"},
				"south": {"uv": [8.125, 5.875, 8.25, 6.875], "texture": "#0"},
				"west": {"uv": [8.125, 5.875, 8.25, 6.875], "texture": "#0"},
				"up": {"uv": [8.125, 5.875, 8.25, 6], "texture": "#0"},
				"down": {"uv": [8.125, 6.75, 8.25, 6.875], "texture": "#0"}
			}
		},
		{
			"name": "stormscythe_117",
			"from": [8.25, 9.125, 7.9],
			"to": [8.375, 9.625, 8.225],
			"faces": {
				"north": {"uv": [8.375, 6.375, 8.25, 6.875], "texture": "#0"},
				"east": {"uv": [8.25, 6.375, 8.375, 6.875], "texture": "#0"},
				"south": {"uv": [8.25, 6.375, 8.375, 6.875], "texture": "#0"},
				"west": {"uv": [8.25, 6.375, 8.375, 6.875], "texture": "#0"},
				"up": {"uv": [8.25, 6.375, 8.375, 6.5], "texture": "#0"},
				"down": {"uv": [8.25, 6.75, 8.375, 6.875], "texture": "#0"}
			}
		},
		{
			"name": "stormscythe_118",
			"from": [7.875, 8.875, 7.8],
			"to": [8.5, 9.125, 8.325],
			"faces": {
				"north": {"uv": [7, 6.875, 6.375, 7.125], "texture": "#0"},
				"east": {"uv": [6.875, 6.875, 7, 7.125], "texture": "#0"},
				"south": {"uv": [6.375, 6.875, 7, 7.125], "texture": "#0"},
				"west": {"uv": [6.375, 6.875, 6.5, 7.125], "texture": "#0"},
				"up": {"uv": [6.375, 6.875, 7, 7], "texture": "#0"},
				"down": {"uv": [6.375, 7, 7, 7.125], "texture": "#0"}
			}
		},
		{
			"name": "stormscythe_119",
			"from": [8, 5.625, 7.9],
			"to": [8.375, 8.875, 8.225],
			"faces": {
				"north": {"uv": [8.375, 7.125, 8, 10.375], "texture": "#0"},
				"east": {"uv": [8.25, 7.125, 8.375, 10.375], "texture": "#0"},
				"south": {"uv": [8, 7.125, 8.375, 10.375], "texture": "#0"},
				"west": {"uv": [8, 7.125, 8.125, 10.375], "texture": "#0"},
				"up": {"uv": [8, 7.125, 8.375, 7.25], "texture": "#0"},
				"down": {"uv": [8, 10.25, 8.375, 10.375], "texture": "#0"}
			}
		},
		{
			"name": "stormscythe_120",
			"from": [7.875, 5.375, 7.8],
			"to": [8.5, 5.625, 8.325],
			"faces": {
				"north": {"uv": [7.25, 10.375, 6.625, 10.625], "texture": "#0"},
				"east": {"uv": [7.125, 10.375, 7.25, 10.625], "texture": "#0"},
				"south": {"uv": [6.625, 10.375, 7.25, 10.625], "texture": "#0"},
				"west": {"uv": [6.625, 10.375, 6.75, 10.625], "texture": "#0"},
				"up": {"uv": [6.625, 10.375, 7.25, 10.5], "texture": "#0"},
				"down": {"uv": [6.625, 10.5, 7.25, 10.625], "texture": "#0"}
			}
		},
		{
			"name": "stormscythe_121",
			"from": [8, 3.875, 7.9],
			"to": [8.375, 5.375, 8.225],
			"faces": {
				"north": {"uv": [8.375, 10.625, 8, 12.125], "texture": "#0"},
				"east": {"uv": [8.25, 10.625, 8.375, 12.125], "texture": "#0"},
				"south": {"uv": [8, 10.625, 8.375, 12.125], "texture": "#0"},
				"west": {"uv": [8, 10.625, 8.125, 12.125], "texture": "#0"},
				"up": {"uv": [8, 10.625, 8.375, 10.75], "texture": "#0"},
				"down": {"uv": [8, 12, 8.375, 12.125], "texture": "#0"}
			}
		},
		{
			"name": "stormscythe_122",
			"from": [7.875, 3.5, 7.8],
			"to": [8.5, 3.875, 8.325],
			"faces": {
				"north": {"uv": [8.5, 12.375, 7.875, 12.75], "texture": "#0"},
				"east": {"uv": [8.375, 12.375, 8.5, 12.75], "texture": "#0"},
				"south": {"uv": [7.875, 12.375, 8.5, 12.75], "texture": "#0"},
				"west": {"uv": [7.875, 12.375, 8, 12.75], "texture": "#0"},
				"up": {"uv": [7.875, 12.375, 8.5, 12.5], "texture": "#0"},
				"down": {"uv": [7.875, 12.625, 8.5, 12.75], "texture": "#0"}
			}
		},
		{
			"name": "stormscythe_123",
			"from": [8, 3.375, 7.9],
			"to": [8.375, 3.5, 8.225],
			"faces": {
				"north": {"uv": [8.375, 12.75, 8, 12.875], "texture": "#0"},
				"east": {"uv": [8.25, 12.75, 8.375, 12.875], "texture": "#0"},
				"south": {"uv": [8, 12.75, 8.375, 12.875], "texture": "#0"},
				"west": {"uv": [8, 12.75, 8.125, 12.875], "texture": "#0"},
				"up": {"uv": [8, 12.75, 8.375, 12.875], "texture": "#0"},
				"down": {"uv": [8, 12.75, 8.375, 12.875], "texture": "#0"}
			}
		},
		{
			"name": "stormscythe_124",
			"from": [8, 3.125, 7.85],
			"to": [8.375, 3.375, 8.275],
			"faces": {
				"north": {"uv": [8.375, 13.125, 8, 13.375], "texture": "#0"},
				"east": {"uv": [8.25, 13.125, 8.375, 13.375], "texture": "#0"},
				"south": {"uv": [8, 13.125, 8.375, 13.375], "texture": "#0"},
				"west": {"uv": [8, 13.125, 8.125, 13.375], "texture": "#0"},
				"up": {"uv": [8, 13.125, 8.375, 13.25], "texture": "#0"},
				"down": {"uv": [8, 13.25, 8.375, 13.375], "texture": "#0"}
			}
		},
		{
			"name": "stormscythe_125",
			"from": [7.75, 3, 7.85],
			"to": [8, 3.25, 8.275],
			"faces": {
				"north": {"uv": [8, 13.25, 7.75, 13.5], "texture": "#0"},
				"east": {"uv": [7.875, 13.25, 8, 13.5], "texture": "#0"},
				"south": {"uv": [7.75, 13.25, 8, 13.5], "texture": "#0"},
				"west": {"uv": [7.75, 13.25, 7.875, 13.5], "texture": "#0"},
				"up": {"uv": [7.75, 13.25, 8, 13.375], "texture": "#0"},
				"down": {"uv": [7.75, 13.375, 8, 13.5], "texture": "#0"}
			}
		},
		{
			"name": "stormscythe_126",
			"from": [8.375, 3, 7.85],
			"to": [8.625, 3.25, 8.275],
			"faces": {
				"north": {"uv": [8.625, 13.25, 8.375, 13.5], "texture": "#0"},
				"east": {"uv": [8.5, 13.25, 8.625, 13.5], "texture": "#0"},
				"south": {"uv": [8.375, 13.25, 8.625, 13.5], "texture": "#0"},
				"west": {"uv": [8.375, 13.25, 8.5, 13.5], "texture": "#0"},
				"up": {"uv": [8.375, 13.25, 8.625, 13.375], "texture": "#0"},
				"down": {"uv": [8.375, 13.375, 8.625, 13.5], "texture": "#0"}
			}
		},
		{
			"name": "stormscythe_127",
			"from": [7.625, 2.625, 7.85],
			"to": [7.875, 3, 8.275],
			"faces": {
				"north": {"uv": [7.875, 13.5, 7.625, 13.875], "texture": "#0"},
				"east": {"uv": [7.75, 13.5, 7.875, 13.875], "texture": "#0"},
				"south": {"uv": [7.625, 13.5, 7.875, 13.875], "texture": "#0"},
				"west": {"uv": [7.625, 13.5, 7.75, 13.875], "texture": "#0"},
				"up": {"uv": [7.625, 13.5, 7.875, 13.625], "texture": "#0"},
				"down": {"uv": [7.625, 13.75, 7.875, 13.875], "texture": "#0"}
			}
		},
		{
			"name": "stormscythe_128",
			"from": [8.5, 2.625, 7.85],
			"to": [8.75, 3, 8.275],
			"faces": {
				"north": {"uv": [8.75, 13.5, 8.5, 13.875], "texture": "#0"},
				"east": {"uv": [8.625, 13.5, 8.75, 13.875], "texture": "#0"},
				"south": {"uv": [8.5, 13.5, 8.75, 13.875], "texture": "#0"},
				"west": {"uv": [8.5, 13.5, 8.625, 13.875], "texture": "#0"},
				"up": {"uv": [8.5, 13.5, 8.75, 13.625], "texture": "#0"},
				"down": {"uv": [8.5, 13.75, 8.75, 13.875], "texture": "#0"}
			}
		},
		{
			"name": "stormscythe_129",
			"from": [7.75, 2.375, 7.85],
			"to": [8, 2.625, 8.275],
			"faces": {
				"north": {"uv": [8, 13.875, 7.75, 14.125], "texture": "#0"},
				"east": {"uv": [7.875, 13.875, 8, 14.125], "texture": "#0"},
				"south": {"uv": [7.75, 13.875, 8, 14.125], "texture": "#0"},
				"west": {"uv": [7.75, 13.875, 7.875, 14.125], "texture": "#0"},
				"up": {"uv": [7.75, 13.875, 8, 14], "texture": "#0"},
				"down": {"uv": [7.75, 14, 8, 14.125], "texture": "#0"}
			}
		},
		{
			"name": "stormscythe_130",
			"from": [8.375, 2.375, 7.85],
			"to": [8.625, 2.625, 8.275],
			"faces": {
				"north": {"uv": [8.625, 13.875, 8.375, 14.125], "texture": "#0"},
				"east": {"uv": [8.5, 13.875, 8.625, 14.125], "texture": "#0"},
				"south": {"uv": [8.375, 13.875, 8.625, 14.125], "texture": "#0"},
				"west": {"uv": [8.375, 13.875, 8.5, 14.125], "texture": "#0"},
				"up": {"uv": [8.375, 13.875, 8.625, 14], "texture": "#0"},
				"down": {"uv": [8.375, 14, 8.625, 14.125], "texture": "#0"}
			}
		},
		{
			"name": "stormscythe_131",
			"from": [8, 2.25, 7.85],
			"to": [8.375, 2.5, 8.275],
			"faces": {
				"north": {"uv": [8.375, 14, 8, 14.25], "texture": "#0"},
				"east": {"uv": [8.25, 14, 8.375, 14.25], "texture": "#0"},
				"south": {"uv": [8, 14, 8.375, 14.25], "texture": "#0"},
				"west": {"uv": [8, 14, 8.125, 14.25], "texture": "#0"},
				"up": {"uv": [8, 14, 8.375, 14.125], "texture": "#0"},
				"down": {"uv": [8, 14.125, 8.375, 14.25], "texture": "#0"}
			}
		},
		{
			"name": "stormscythe_132",
			"from": [8.125, 1.75, 8],
			"to": [8.25, 2.25, 8.125],
			"faces": {
				"north": {"uv": [8.25, 14.5, 8.125, 15], "texture": "#0"},
				"east": {"uv": [8.125, 14.5, 8.25, 15], "texture": "#0"},
				"south": {"uv": [8.125, 14.5, 8.25, 15], "texture": "#0"},
				"west": {"uv": [8.125, 14.5, 8.25, 15], "texture": "#0"},
				"up": {"uv": [8.125, 14.5, 8.25, 14.625], "texture": "#0"},
				"down": {"uv": [8.125, 14.875, 8.25, 15], "texture": "#0"}
			}
		},
		{
			"name": "stormscythe_133",
			"from": [8, 2, 8],
			"to": [8.125, 2.125, 8.125],
			"faces": {
				"north": {"uv": [8.125, 14.625, 8, 14.75], "texture": "#0"},
				"east": {"uv": [8, 14.625, 8.125, 14.75], "texture": "#0"},
				"south": {"uv": [8, 14.625, 8.125, 14.75], "texture": "#0"},
				"west": {"uv": [8, 14.625, 8.125, 14.75], "texture": "#0"},
				"up": {"uv": [8, 14.625, 8.125, 14.75], "texture": "#0"},
				"down": {"uv": [8, 14.625, 8.125, 14.75], "texture": "#0"}
			}
		},
		{
			"name": "stormscythe_134",
			"from": [8.25, 2, 8],
			"to": [8.375, 2.125, 8.125],
			"faces": {
				"north": {"uv": [8.375, 14.625, 8.25, 14.75], "texture": "#0"},
				"east": {"uv": [8.25, 14.625, 8.375, 14.75], "texture": "#0"},
				"south": {"uv": [8.25, 14.625, 8.375, 14.75], "texture": "#0"},
				"west": {"uv": [8.25, 14.625, 8.375, 14.75], "texture": "#0"},
				"up": {"uv": [8.25, 14.625, 8.375, 14.75], "texture": "#0"},
				"down": {"uv": [8.25, 14.625, 8.375, 14.75], "texture": "#0"}
			}
		}
	],
	"gui_light": "front",
	"display": {
		"thirdperson_righthand": {
			"rotation": [0, -90, 0],
			"translation": [0, 0, 1],
			"scale": [3.5, 3.5, 3]
		},
		"thirdperson_lefthand": {
			"rotation": [0, 90, 0],
			"translation": [0, 0, 0.75],
			"scale": [3.5, 3.5, 3]
		},
		"firstperson_righthand": {
			"rotation": [0, -90, -4],
			"translation": [0.75, 2.5, 2],
			"scale": [1.75, 1.75, 1.75]
		},
		"firstperson_lefthand": {
			"rotation": [0, 90, 1],
			"translation": [1.5, 6.25, 1.25],
			"scale": [2, 2, 1.75]
		},
		"ground": {
			"translation": [0, 8.5, 0],
			"scale": [2.5, 2.5, 2.5]
		},
		"gui": {
			"rotation": [0, 0, -42],
			"translation": [-0.25, 0.5, 0],
			"scale": [2, 2, 1]
		},
		"head": {
			"rotation": [0, 0, 134],
			"translation": [0, -10.5, 3.5],
			"scale": [4, 4, 4]
		},
		"fixed": {
			"rotation": [-180, 0, 138],
			"translation": [-1.25, 1.75, -0.75],
			"scale": [4, 4, 3]
		}
	},
	"groups": [
		{
			"name": "wraihtscythe",
			"origin": [8, 8, 8],
			"color": 0,
			"children": [
				0,
				1,
				2,
				3,
				4,
				5,
				6,
				7,
				8,
				9,
				10,
				11,
				12,
				13,
				14,
				15,
				16,
				17,
				18,
				19,
				20,
				21,
				22,
				23,
				24,
				25,
				26,
				27,
				28,
				29,
				30,
				31,
				32,
				33,
				34,
				35,
				36,
				37,
				38,
				39,
				40,
				41,
				42,
				43,
				44,
				45,
				46,
				47,
				48,
				49,
				50,
				51,
				52,
				53,
				54,
				55,
				56,
				57,
				58,
				59,
				60,
				61,
				62,
				63,
				64,
				65,
				66,
				67,
				68,
				69,
				70,
				71,
				72,
				73,
				74,
				75,
				76,
				77,
				78,
				79,
				80,
				81,
				82,
				83,
				84,
				85,
				86,
				87,
				88,
				89,
				90,
				91,
				92,
				93,
				94,
				95,
				96,
				97,
				98,
				99,
				100,
				101,
				102,
				103,
				104,
				105,
				106,
				107,
				108,
				109,
				110,
				111,
				112,
				113,
				114,
				115,
				116,
				117,
				118,
				119,
				120,
				121,
				122,
				123,
				124,
				125,
				126,
				127,
				128,
				129,
				130,
				131,
				132,
				133,
				134
			]
		}
	]
}