{
	"credit": "Created by Mickey Joe Alpha - http://YouTube.com/@MushirMickeyJoe",
	"parent": "block/block",
	"textures": {
		"texture": "item/infested_block_silverfish",
		"particle": "block/stone"
	},
	"elements": [
		{
			"from": [6.5, 16, -0.5],
			"to": [9.5, 18, 1.5],
			"rotation": {"angle": 0, "axis": "y", "origin": [1, 22, 3]},
			"faces": {
				"north": {"uv": [1, 1, 2.5, 2], "texture": "#texture"},
				"east": {"uv": [0, 1, 1, 2], "texture": "#texture"},
				"west": {"uv": [2.5, 1, 3.5, 2], "texture": "#texture"},
				"up": {"uv": [1, 0, 2.5, 1], "rotation": 180, "texture": "#texture"},
				"down": {"uv": [2.5, 0, 4, 1], "texture": "#texture"}
			}
		},
		{
			"from": [6, 16, 1.5],
			"to": [10, 19, 3.5],
			"rotation": {"angle": 0, "axis": "y", "origin": [1, 22, 3]},
			"faces": {
				"north": {"uv": [1, 3, 3, 4.5], "texture": "#texture"},
				"east": {"uv": [0, 3, 1, 4.5], "texture": "#texture"},
				"west": {"uv": [3, 3, 4, 4.5], "texture": "#texture"},
				"up": {"uv": [1, 2, 3, 3], "rotation": 180, "texture": "#texture"},
				"down": {"uv": [3, 2, 5, 3], "texture": "#texture"}
			}
		},
		{
			"from": [5, 16, 3.5],
			"to": [11, 20, 6.5],
			"rotation": {"angle": 0, "axis": "y", "origin": [1, 22, 3]},
			"faces": {
				"north": {"uv": [1.5, 6, 4.5, 8], "texture": "#texture"},
				"east": {"uv": [0, 6, 1.5, 8], "texture": "#texture"},
				"south": {"uv": [6, 6, 9, 8], "texture": "#texture"},
				"west": {"uv": [4.5, 6, 6, 8], "texture": "#texture"},
				"up": {"uv": [1.5, 4.5, 4.5, 6], "rotation": 180, "texture": "#texture"},
				"down": {"uv": [4.5, 4.5, 7.5, 6], "texture": "#texture"}
			}
		},
		{
			"from": [6.5, 16, 6.5],
			"to": [9.5, 19, 9.5],
			"rotation": {"angle": 0, "axis": "y", "origin": [1, 22, 3]},
			"faces": {
				"east": {"uv": [0, 9.5, 1.5, 11], "texture": "#texture"},
				"south": {"uv": [4.5, 9.5, 6, 11], "texture": "#texture"},
				"west": {"uv": [3, 9.5, 4.5, 11], "texture": "#texture"},
				"up": {"uv": [1.5, 8, 3, 9.5], "rotation": 180, "texture": "#texture"},
				"down": {"uv": [3, 8, 4.5, 9.5], "texture": "#texture"}
			}
		},
		{
			"from": [7, 16, 9.5],
			"to": [9, 18, 12.5],
			"rotation": {"angle": 0, "axis": "y", "origin": [1, 22, 3]},
			"faces": {
				"east": {"uv": [0, 12.5, 1.5, 13.5], "texture": "#texture"},
				"south": {"uv": [4, 12.5, 5, 13.5], "texture": "#texture"},
				"west": {"uv": [2.5, 12.5, 4, 13.5], "texture": "#texture"},
				"up": {"uv": [1.5, 11, 2.5, 12.5], "rotation": 180, "texture": "#texture"},
				"down": {"uv": [2.5, 11, 3.5, 12.5], "texture": "#texture"}
			}
		},
		{
			"from": [7, 16, 12.5],
			"to": [9, 17, 14.5],
			"rotation": {"angle": 0, "axis": "y", "origin": [1, 22, 3]},
			"faces": {
				"north": {"uv": [7.5, 14, 9.5, 15], "texture": "#texture"},
				"east": {"uv": [5.5, 1, 6.5, 1.5], "texture": "#texture"},
				"south": {"uv": [8.5, 1, 9.5, 1.5], "texture": "#texture"},
				"west": {"uv": [7.5, 1, 8.5, 1.5], "texture": "#texture"},
				"up": {"uv": [6.5, 0, 7.5, 1], "rotation": 180, "texture": "#texture"},
				"down": {"uv": [7.5, 0, 8.5, 1], "texture": "#texture"}
			}
		},
		{
			"from": [7.5, 16, 14.5],
			"to": [8.5, 17, 16.5],
			"rotation": {"angle": 0, "axis": "y", "origin": [1, 22, 3]},
			"faces": {
				"east": {"uv": [6.5, 3, 7.5, 3.5], "texture": "#texture"},
				"south": {"uv": [9, 3, 9.5, 3.5], "texture": "#texture"},
				"west": {"uv": [8, 3, 9, 3.5], "texture": "#texture"},
				"up": {"uv": [7.5, 2, 8, 3], "rotation": 180, "texture": "#texture"},
				"down": {"uv": [8, 2, 8.5, 3], "texture": "#texture"}
			}
		},
		{
			"from": [5, 16, 1.4688],
			"to": [11, 21, 1.4698],
			"rotation": {"angle": 0, "axis": "y", "origin": [1, 22, 3]},
			"faces": {
				"north": {"uv": [12.5, 0.5, 15.5, 3], "texture": "#texture"},
				"south": {"uv": [15.5, 0.5, 12.5, 3], "texture": "#texture"}
			}
		},
		{
			"from": [2, 16, 3.4688],
			"to": [13, 23, 3.4698],
			"rotation": {"angle": 0, "axis": "y", "origin": [1, 22, 3]},
			"faces": {
				"north": {"uv": [10.5, 3.5, 15.5, 7], "texture": "#texture"},
				"south": {"uv": [15.5, 3.5, 10.5, 7], "texture": "#texture"}
			}
		},
		{
			"from": [3.5, 16, 6.5312],
			"to": [12.5, 21, 6.5322],
			"rotation": {"angle": 0, "axis": "y", "origin": [1, 22, 3]},
			"faces": {
				"north": {"uv": [15.5, 7.5, 11, 10], "texture": "#texture"},
				"south": {"uv": [11, 7.5, 15.5, 10], "texture": "#texture"}
			}
		},
		{
			"from": [5.5, 16, 9.5313],
			"to": [10.5, 20, 9.5323],
			"rotation": {"angle": 0, "axis": "y", "origin": [1, 22, 3]},
			"faces": {
				"north": {"uv": [13, 10.5, 15.5, 12.5], "texture": "#texture"},
				"south": {"uv": [15.5, 10.5, 13, 12.5], "texture": "#texture"}
			}
		},
		{
			"from": [5, 16, 12.5312],
			"to": [11, 20, 12.5322],
			"rotation": {"angle": 0, "axis": "y", "origin": [1, 22, 3]},
			"faces": {
				"north": {"uv": [15.5, 13, 12.5, 15], "texture": "#texture"},
				"south": {"uv": [12.5, 13, 15.5, 15], "texture": "#texture"}
			}
		},
		{
			"from": [0, 0, 0],
			"to": [16, 16, 16],
			"rotation": {"angle": 0, "axis": "y", "origin": [0, 16, 0]},
			"faces": {
				"north": {"uv": [0, 0, 16, 16], "texture": "#particle"},
				"east": {"uv": [0, 0, 16, 16], "texture": "#particle"},
				"south": {"uv": [0, 0, 16, 16], "texture": "#particle"},
				"west": {"uv": [0, 0, 16, 16], "texture": "#particle"},
				"up": {"uv": [0, 0, 16, 16], "texture": "#particle"},
				"down": {"uv": [0, 0, 16, 16], "texture": "#particle"}
			}
		}
	]
}